[2026-09-08 00:27:54] local.ERROR: No arguments expected for "config:clear" command, got "php". {"exception":"[object] (Symfony\\Component\\Console\\Exception\\RuntimeException(code: 0): No arguments expected for \"config:clear\" command, got \"php\". at C:/xampp/htdocs/project/vendor/symfony/console/Input/ArgvInput.php:199)
[stacktrace]
#0 C:/xampp/htdocs/project/vendor/symfony/console/Input/ArgvInput.php(92): Symfony/Component/Console/Input/ArgvInput->parseArgument('php')
#1 C:/xampp/htdocs/project/vendor/symfony/console/Input/ArgvInput.php(77): Symfony/Component/Console/Input/ArgvInput->parseToken('php', true)
#2 C:/xampp/htdocs/project/vendor/symfony/console/Input/Input.php(53): Symfony/Component/Console/Input/ArgvInput->parse()
#3 C:/xampp/htdocs/project/vendor/symfony/console/Command/Command.php(295): Symfony/Component/Console/Input/Input->bind(Object(Symfony/Component/Console/Input/InputDefinition))
#4 C:/xampp/htdocs/project/vendor/laravel/framework/src/Illuminate/Console/Command.php(182): Symfony/Component/Console/Command/Command->run(Object(Symfony/Component/Console/Input/ArgvInput), Object(Illuminate/Console/OutputStyle))
#5 C:/xampp/htdocs/project/vendor/symfony/console/Application.php(1117): Illuminate/Console/Command->run(Object(Symfony/Component/Console/Input/ArgvInput), Object(Symfony/Component/Console/Output/ConsoleOutput))
#6 C:/xampp/htdocs/project/vendor/symfony/console/Application.php(356): Symfony/Component/Console/Application->doRunCommand(Object(Illuminate/Foundation/Console/ConfigClearCommand), Object(Symfony/Component/Console/Input/ArgvInput), Object(Symfony/Component/Console/Output/ConsoleOutput))
#7 C:/xampp/htdocs/project/vendor/symfony/console/Application.php(195): Symfony/Component/Console/Application->doRun(Object(Symfony/Component/Console/Input/ArgvInput), Object(Symfony/Component/Console/Output/ConsoleOutput))
#8 C:/xampp/htdocs/project/vendor/laravel/framework/src/Illuminate/Foundation/Console/Kernel.php(198): Symfony/Component/Console/Application->run(Object(Symfony/Component/Console/Input/ArgvInput), Object(Symfony/Component/Console/Output/ConsoleOutput))
#9 C:/xampp/htdocs/project/vendor/laravel/framework/src/Illuminate/Foundation/Application.php(1235): Illuminate/Foundation/Console/Kernel->handle(Object(Symfony/Component/Console/Input/ArgvInput), Object(Symfony/Component/Console/Output/ConsoleOutput))
#10 C:/xampp/htdocs/project/artisan(12): Illuminate/Foundation/Application->handleCommand(Object(Symfony/Component/Console/Input/ArgvInput))
#11 {main}
"} 
[2026-09-08 11:08:45] local.ERROR: Command "tinker" is not defined. {"exception":"[object] (Symfony\\Component\\Console\\Exception\\CommandNotFoundException(code: 0): Command \"tinker\" is not defined. at C:/xampp/htdocs/project/vendor/symfony/console/Application.php:759)
[stacktrace]
#0 C:/xampp/htdocs/project/vendor/symfony/console/Application.php(298): Symfony/Component/Console/Application->find('tinker')
#1 C:/xampp/htdocs/project/vendor/symfony/console/Application.php(195): Symfony/Component/Console/Application->doRun(Object(Symfony/Component/Console/Input/ArgvInput), Object(Symfony/Component/Console/Output/ConsoleOutput))
#2 C:/xampp/htdocs/project/vendor/laravel/framework/src/Illuminate/Foundation/Console/Kernel.php(198): Symfony/Component/Console/Application->run(Object(Symfony/Component/Console/Input/ArgvInput), Object(Symfony/Component/Console/Output/ConsoleOutput))
#3 C:/xampp/htdocs/project/vendor/laravel/framework/src/Illuminate/Foundation/Application.php(1235): Illuminate/Foundation/Console/Kernel->handle(Object(Symfony/Component/Console/Input/ArgvInput), Object(Symfony/Component/Console/Output/ConsoleOutput))
#4 C:/xampp/htdocs/project/artisan(12): Illuminate/Foundation/Application->handleCommand(Object(Symfony/Component/Console/Input/ArgvInput))
#5 {main}
"} 
[2026-09-08 11:17:07] local.ERROR: There is no permission named `manage-users` for guard `admin`. (View: C:\xampp\htdocs\project\resources\views\filament\product-shell.blade.php) (View: C:\xampp\htdocs\project\resources\views\filament\product-shell.blade.php) (View: C:\xampp\htdocs\project\resources\views\filament\product-shell.blade.php) (View: C:\xampp\htdocs\project\resources\views\filament\product-shell.blade.php) {"userId":8,"exception":"[object] (Illuminate\\View\\ViewException(code: 0): There is no permission named `manage-users` for guard `admin`. (View: C:\\xampp\\htdocs\\project\\resources\\views\\filament\\product-shell.blade.php) (View: C:\\xampp\\htdocs\\project\\resources\\views\\filament\\product-shell.blade.php) (View: C:\\xampp\\htdocs\\project\\resources\\views\\filament\\product-shell.blade.php) (View: C:\\xampp\\htdocs\\project\\resources\\views\\filament\\product-shell.blade.php) at C:/xampp/htdocs/project/vendor/spatie/laravel-permission/src/Exceptions/PermissionDoesNotExist.php:11)
[stacktrace]
#0 C:/xampp/htdocs/project/vendor/livewire/livewire/src/Mechanisms/ExtendBlade/ExtendedCompilerEngine.php(58): Illuminate/View/Engines/CompilerEngine->handleViewException(Object(Illuminate/View/ViewException), 1)
#1 C:/xampp/htdocs/project/vendor/laravel/framework/src/Illuminate/View/Engines/PhpEngine.php(60): Livewire/Mechanisms/ExtendBlade/ExtendedCompilerEngine->handleViewException(Object(Illuminate/View/ViewException), 1)
#2 C:/xampp/htdocs/project/vendor/livewire/livewire/src/Mechanisms/ExtendBlade/ExtendedCompilerEngine.php(22): Illuminate/View/Engines/PhpEngine->evaluatePath('C://xampp//htdocs...', Array)
#3 C:/xampp/htdocs/project/vendor/laravel/framework/src/Illuminate/View/Engines/CompilerEngine.php(75): Livewire/Mechanisms/ExtendBlade/ExtendedCompilerEngine->evaluatePath('C://xampp//htdocs...', Array)
#4 C:/xampp/htdocs/project/vendor/livewire/livewire/src/Mechanisms/ExtendBlade/ExtendedCompilerEngine.php(10): Illuminate/View/Engines/CompilerEngine->get('C://xampp//htdocs...', Array)
#5 C:/xampp/htdocs/project/vendor/laravel/framework/src/Illuminate/View/View.php(209): Livewire/Mechanisms/ExtendBlade/ExtendedCompilerEngine->get('C://xampp//htdocs...', Array)
#6 C:/xampp/htdocs/project/vendor/laravel/framework/src/Illuminate/View/View.php(192): Illuminate/View/View->getContents()
#7 C:/xampp/htdocs/project/vendor/laravel/framework/src/Illuminate/View/View.php(161): Illuminate/View/View->renderContents()
#8 C:/xampp/htdocs/project/vendor/laravel/framework/src/Illuminate/View/Compilers/BladeCompiler.php(337): Illuminate/View/View->render()
#9 C:/xampp/htdocs/project/vendor/laravel/framework/src/Illuminate/Support/Facades/Facade.php(361): Illuminate/View/Compilers/BladeCompiler::render('    <?php $layo...', Array)
#10 C:/xampp/htdocs/project/vendor/livewire/livewire/src/Features/SupportPageComponents/SupportPageComponents.php(153): Illuminate/Support/Facades/Facade::__callStatic('render', Array)
#11 C:/xampp/htdocs/project/vendor/livewire/livewire/src/Features/SupportPageComponents/HandlesPageComponents.php(24): Livewire/Features/SupportPageComponents/SupportPageComponents::renderContentsIntoLayout('<div wire:snaps...', Object(Livewire/Features/SupportPageComponents/PageComponentConfig))
#12 C:/xampp/htdocs/project/vendor/laravel/framework/src/Illuminate/Routing/ControllerDispatcher.php(47): Livewire/Component->__invoke()
#13 C:/xampp/htdocs/project/vendor/laravel/framework/src/Illuminate/Routing/Route.php(266): Illuminate/Routing/ControllerDispatcher->dispatch(Object(Illuminate/Routing/Route), Object(App/Filament/Pages/Attendance), '__invoke')
#14 C:/xampp/htdocs/project/vendor/laravel/framework/src/Illuminate/Routing/Route.php(212): Illuminate/Routing/Route->runController()
#15 C:/xampp/htdocs/project/vendor/laravel/framework/src/Illuminate/Routing/Router.php(808): Illuminate/Routing/Route->run()
#16 C:/xampp/htdocs/project/vendor/laravel/framework/src/Illuminate/Pipeline/Pipeline.php(170): Illuminate/Routing/Router->{closure:Illuminate/Routing/Router::runRouteWithinStack():807}(Object(Illuminate/Http/Request))
#17 C:/xampp/htdocs/project/vendor/filament/filament/src/Http/Middleware/DispatchServingFilamentEvent.php(15): Illuminate/Pipeline/Pipeline->{closure:Illuminate/Pipeline/Pipeline::prepareDestination():168}(Object(Illuminate/Http/Request))
#18 C:/xampp/htdocs/project/vendor/laravel/framework/src/Illuminate/Pipeline/Pipeline.php(209): Filament/Http/Middleware/DispatchServingFilamentEvent->handle(Object(Illuminate/Http/Request), Object(Closure))
#19 C:/xampp/htdocs/project/vendor/filament/filament/src/Http/Middleware/DisableBladeIconComponents.php(14): Illuminate/Pipeline/Pipeline->{closure:{closure:Illuminate/Pipeline/Pipeline::carry():184}:185}(Object(Illuminate/Http/Request))
#20 C:/xampp/htdocs/project/vendor/laravel/framework/src/Illuminate/Pipeline/Pipeline.php(209): Filament/Http/Middleware/DisableBladeIconComponents->handle(Object(Illuminate/Http/Request), Object(Closure))
#21 C:/xampp/htdocs/project/vendor/laravel/framework/src/Illuminate/Routing/Middleware/SubstituteBindings.php(51): Illuminate/Pipeline/Pipeline->{closure:{closure:Illuminate/Pipeline/Pipeline::carry():184}:185}(Object(Illuminate/Http/Request))
#22 C:/xampp/htdocs/project/vendor/laravel/framework/src/Illuminate/Pipeline/Pipeline.php(209): Illuminate/Routing/Middleware/SubstituteBindings->handle(Object(Illuminate/Http/Request), Object(Closure))
#23 C:/xampp/htdocs/project/vendor/laravel/framework/src/Illuminate/Foundation/Http/Middleware/VerifyCsrfToken.php(88): Illuminate/Pipeline/Pipeline->{closure:{closure:Illuminate/Pipeline/Pipeline::carry():184}:185}(Object(Illuminate/Http/Request))
#24 C:/xampp/htdocs/project/vendor/laravel/framework/src/Illuminate/Pipeline/Pipeline.php(209): Illuminate/Foundation/Http/Middleware/VerifyCsrfToken->handle(Object(Illuminate/Http/Request), Object(Closure))
#25 C:/xampp/htdocs/project/vendor/laravel/framework/src/Illuminate/Session/Middleware/AuthenticateSession.php(67): Illuminate/Pipeline/Pipeline->{closure:{closure:Illuminate/Pipeline/Pipeline::carry():184}:185}(Object(Illuminate/Http/Request))
#26 C:/xampp/htdocs/project/vendor/laravel/framework/src/Illuminate/Pipeline/Pipeline.php(209): Illuminate/Session/Middleware/AuthenticateSession->handle(Object(Illuminate/Http/Request), Object(Closure))
#27 C:/xampp/htdocs/project/vendor/laravel/framework/src/Illuminate/Auth/Middleware/Authenticate.php(64): Illuminate/Pipeline/Pipeline->{closure:{closure:Illuminate/Pipeline/Pipeline::carry():184}:185}(Object(Illuminate/Http/Request))
#28 C:/xampp/htdocs/project/vendor/laravel/framework/src/Illuminate/Pipeline/Pipeline.php(209): Illuminate/Auth/Middleware/Authenticate->handle(Object(Illuminate/Http/Request), Object(Closure))
#29 C:/xampp/htdocs/project/vendor/laravel/framework/src/Illuminate/View/Middleware/ShareErrorsFromSession.php(49): Illuminate/Pipeline/Pipeline->{closure:{closure:Illuminate/Pipeline/Pipeline::carry():184}:185}(Object(Illuminate/Http/Request))
#30 C:/xampp/htdocs/project/vendor/laravel/framework/src/Illuminate/Pipeline/Pipeline.php(209): Illuminate/View/Middleware/ShareErrorsFromSession->handle(Object(Illuminate/Http/Request), Object(Closure))
#31 C:/xampp/htdocs/project/vendor/laravel/framework/src/Illuminate/Session/Middleware/StartSession.php(121): Illuminate/Pipeline/Pipeline->{closure:{closure:Illuminate/Pipeline/Pipeline::carry():184}:185}(Object(Illuminate/Http/Request))
#32 C:/xampp/htdocs/project/vendor/laravel/framework/src/Illuminate/Session/Middleware/StartSession.php(64): Illuminate/Session/Middleware/StartSession->handleStatefulRequest(Object(Illuminate/Http/Request), Object(Illuminate/Session/Store), Object(Closure))
#33 C:/xampp/htdocs/project/vendor/laravel/framework/src/Illuminate/Pipeline/Pipeline.php(209): Illuminate/Session/Middleware/StartSession->handle(Object(Illuminate/Http/Request), Object(Closure))
#34 C:/xampp/htdocs/project/vendor/laravel/framework/src/Illuminate/Cookie/Middleware/AddQueuedCookiesToResponse.php(37): Illuminate/Pipeline/Pipeline->{closure:{closure:Illuminate/Pipeline/Pipeline::carry():184}:185}(Object(Illuminate/Http/Request))
#35 C:/xampp/htdocs/project/vendor/laravel/framework/src/Illuminate/Pipeline/Pipeline.php(209): Illuminate/Cookie/Middleware/AddQueuedCookiesToResponse->handle(Object(Illuminate/Http/Request), Object(Closure))
#36 C:/xampp/htdocs/project/vendor/laravel/framework/src/Illuminate/Cookie/Middleware/EncryptCookies.php(75): Illuminate/Pipeline/Pipeline->{closure:{closure:Illuminate/Pipeline/Pipeline::carry():184}:185}(Object(Illuminate/Http/Request))
#37 C:/xampp/htdocs/project/vendor/laravel/framework/src/Illuminate/Pipeline/Pipeline.php(209): Illuminate/Cookie/Middleware/EncryptCookies->handle(Object(Illuminate/Http/Request), Object(Closure))
#38 C:/xampp/htdocs/project/vendor/filament/filament/src/Http/Middleware/SetUpPanel.php(19): Illuminate/Pipeline/Pipeline->{closure:{closure:Illuminate/Pipeline/Pipeline::carry():184}:185}(Object(Illuminate/Http/Request))
#39 C:/xampp/htdocs/project/vendor/laravel/framework/src/Illuminate/Pipeline/Pipeline.php(209): Filament/Http/Middleware/SetUpPanel->handle(Object(Illuminate/Http/Request), Object(Closure), Object(Filament/Panel))
#40 C:/xampp/htdocs/project/vendor/laravel/framework/src/Illuminate/Pipeline/Pipeline.php(127): Illuminate/Pipeline/Pipeline->{closure:{closure:Illuminate/Pipeline/Pipeline::carry():184}:185}(Object(Illuminate/Http/Request))
#41 C:/xampp/htdocs/project/vendor/laravel/framework/src/Illuminate/Routing/Router.php(807): Illuminate/Pipeline/Pipeline->then(Object(Closure))
#42 C:/xampp/htdocs/project/vendor/laravel/framework/src/Illuminate/Routing/Router.php(786): Illuminate/Routing/Router->runRouteWithinStack(Object(Illuminate/Routing/Route), Object(Illuminate/Http/Request))
#43 C:/xampp/htdocs/project/vendor/laravel/framework/src/Illuminate/Routing/Router.php(750): Illuminate/Routing/Router->runRoute(Object(Illuminate/Http/Request), Object(Illuminate/Routing/Route))
#44 C:/xampp/htdocs/project/vendor/laravel/framework/src/Illuminate/Routing/Router.php(739): Illuminate/Routing/Router->dispatchToRoute(Object(Illuminate/Http/Request))
#45 C:/xampp/htdocs/project/vendor/laravel/framework/src/Illuminate/Foundation/Http/Kernel.php(201): Illuminate/Routing/Router->dispatch(Object(Illuminate/Http/Request))
#46 C:/xampp/htdocs/project/vendor/laravel/framework/src/Illuminate/Pipeline/Pipeline.php(170): Illuminate/Foundation/Http/Kernel->{closure:Illuminate/Foundation/Http/Kernel::dispatchToRouter():198}(Object(Illuminate/Http/Request))
#47 C:/xampp/htdocs/project/vendor/livewire/livewire/src/Features/SupportDisablingBackButtonCache/DisableBackButtonCacheMiddleware.php(19): Illuminate/Pipeline/Pipeline->{closure:Illuminate/Pipeline/Pipeline::prepareDestination():168}(Object(Illuminate/Http/Request))
#48 C:/xampp/htdocs/project/vendor/laravel/framework/src/Illuminate/Pipeline/Pipeline.php(209): Livewire/Features/SupportDisablingBackButtonCache/DisableBackButtonCacheMiddleware->handle(Object(Illuminate/Http/Request), Object(Closure))
#49 C:/xampp/htdocs/project/vendor/laravel/framework/src/Illuminate/Foundation/Http/Middleware/TransformsRequest.php(21): Illuminate/Pipeline/Pipeline->{closure:{closure:Illuminate/Pipeline/Pipeline::carry():184}:185}(Object(Illuminate/Http/Request))
#50 C:/xampp/htdocs/project/vendor/laravel/framework/src/Illuminate/Foundation/Http/Middleware/ConvertEmptyStringsToNull.php(31): Illuminate/Foundation/Http/Middleware/TransformsRequest->handle(Object(Illuminate/Http/Request), Object(Closure))
#51 C:/xampp/htdocs/project/vendor/laravel/framework/src/Illuminate/Pipeline/Pipeline.php(209): Illuminate/Foundation/Http/Middleware/ConvertEmptyStringsToNull->handle(Object(Illuminate/Http/Request), Object(Closure))
#52 C:/xampp/htdocs/project/vendor/laravel/framework/src/Illuminate/Foundation/Http/Middleware/TransformsRequest.php(21): Illuminate/Pipeline/Pipeline->{closure:{closure:Illuminate/Pipeline/Pipeline::carry():184}:185}(Object(Illuminate/Http/Request))
#53 C:/xampp/htdocs/project/vendor/laravel/framework/src/Illuminate/Foundation/Http/Middleware/TrimStrings.php(51): Illuminate/Foundation/Http/Middleware/TransformsRequest->handle(Object(Illuminate/Http/Request), Object(Closure))
#54 C:/xampp/htdocs/project/vendor/laravel/framework/src/Illuminate/Pipeline/Pipeline.php(209): Illuminate/Foundation/Http/Middleware/TrimStrings->handle(Object(Illuminate/Http/Request), Object(Closure))
#55 C:/xampp/htdocs/project/vendor/laravel/framework/src/Illuminate/Http/Middleware/ValidatePostSize.php(27): Illuminate/Pipeline/Pipeline->{closure:{closure:Illuminate/Pipeline/Pipeline::carry():184}:185}(Object(Illuminate/Http/Request))
#56 C:/xampp/htdocs/project/vendor/laravel/framework/src/Illuminate/Pipeline/Pipeline.php(209): Illuminate/Http/Middleware/ValidatePostSize->handle(Object(Illuminate/Http/Request), Object(Closure))
#57 C:/xampp/htdocs/project/vendor/laravel/framework/src/Illuminate/Foundation/Http/Middleware/PreventRequestsDuringMaintenance.php(110): Illuminate/Pipeline/Pipeline->{closure:{closure:Illuminate/Pipeline/Pipeline::carry():184}:185}(Object(Illuminate/Http/Request))
#58 C:/xampp/htdocs/project/vendor/laravel/framework/src/Illuminate/Pipeline/Pipeline.php(209): Illuminate/Foundation/Http/Middleware/PreventRequestsDuringMaintenance->handle(Object(Illuminate/Http/Request), Object(Closure))
#59 C:/xampp/htdocs/project/vendor/laravel/framework/src/Illuminate/Http/Middleware/HandleCors.php(49): Illuminate/Pipeline/Pipeline->{closure:{closure:Illuminate/Pipeline/Pipeline::carry():184}:185}(Object(Illuminate/Http/Request))
#60 C:/xampp/htdocs/project/vendor/laravel/framework/src/Illuminate/Pipeline/Pipeline.php(209): Illuminate/Http/Middleware/HandleCors->handle(Object(Illuminate/Http/Request), Object(Closure))
#61 C:/xampp/htdocs/project/vendor/laravel/framework/src/Illuminate/Http/Middleware/TrustProxies.php(58): Illuminate/Pipeline/Pipeline->{closure:{closure:Illuminate/Pipeline/Pipeline::carry():184}:185}(Object(Illuminate/Http/Request))
#62 C:/xampp/htdocs/project/vendor/laravel/framework/src/Illuminate/Pipeline/Pipeline.php(209): Illuminate/Http/Middleware/TrustProxies->handle(Object(Illuminate/Http/Request), Object(Closure))
#63 C:/xampp/htdocs/project/vendor/laravel/framework/src/Illuminate/Foundation/Http/Middleware/InvokeDeferredCallbacks.php(22): Illuminate/Pipeline/Pipeline->{closure:{closure:Illuminate/Pipeline/Pipeline::carry():184}:185}(Object(Illuminate/Http/Request))
#64 C:/xampp/htdocs/project/vendor/laravel/framework/src/Illuminate/Pipeline/Pipeline.php(209): Illuminate/Foundation/Http/Middleware/InvokeDeferredCallbacks->handle(Object(Illuminate/Http/Request), Object(Closure))
#65 C:/xampp/htdocs/project/vendor/laravel/framework/src/Illuminate/Pipeline/Pipeline.php(127): Illuminate/Pipeline/Pipeline->{closure:{closure:Illuminate/Pipeline/Pipeline::carry():184}:185}(Object(Illuminate/Http/Request))
#66 C:/xampp/htdocs/project/vendor/laravel/framework/src/Illuminate/Foundation/Http/Kernel.php(176): Illuminate/Pipeline/Pipeline->then(Object(Closure))
#67 C:/xampp/htdocs/project/vendor/laravel/framework/src/Illuminate/Foundation/Http/Kernel.php(145): Illuminate/Foundation/Http/Kernel->sendRequestThroughRouter(Object(Illuminate/Http/Request))
#68 C:/xampp/htdocs/project/vendor/laravel/framework/src/Illuminate/Foundation/Application.php(1220): Illuminate/Foundation/Http/Kernel->handle(Object(Illuminate/Http/Request))
#69 C:/xampp/htdocs/project/public/index.php(17): Illuminate/Foundation/Application->handleRequest(Object(Illuminate/Http/Request))
#70 C:/xampp/htdocs/project/vendor/laravel/framework/src/Illuminate/Foundation/resources/server.php(23): require_once('C://xampp//htdocs...')
#71 {main}

[previous exception] [object] (Illuminate\\View\\ViewException(code: 0): There is no permission named `manage-users` for guard `admin`. (View: C:\\xampp\\htdocs\\project\\resources\\views\\filament\\product-shell.blade.php) (View: C:\\xampp\\htdocs\\project\\resources\\views\\filament\\product-shell.blade.php) (View: C:\\xampp\\htdocs\\project\\resources\\views\\filament\\product-shell.blade.php) at C:/xampp/htdocs/project/vendor/spatie/laravel-permission/src/Exceptions/PermissionDoesNotExist.php:11)
[stacktrace]
#0 C:/xampp/htdocs/project/vendor/livewire/livewire/src/Mechanisms/ExtendBlade/ExtendedCompilerEngine.php(58): Illuminate/View/Engines/CompilerEngine->handleViewException(Object(Illuminate/View/ViewException), 2)
#1 C:/xampp/htdocs/project/vendor/laravel/framework/src/Illuminate/View/Engines/PhpEngine.php(60): Livewire/Mechanisms/ExtendBlade/ExtendedCompilerEngine->handleViewException(Object(Illuminate/View/ViewException), 2)
#2 C:/xampp/htdocs/project/vendor/livewire/livewire/src/Mechanisms/ExtendBlade/ExtendedCompilerEngine.php(22): Illuminate/View/Engines/PhpEngine->evaluatePath('C://xampp//htdocs...', Array)
#3 C:/xampp/htdocs/project/vendor/laravel/framework/src/Illuminate/View/Engines/CompilerEngine.php(75): Livewire/Mechanisms/ExtendBlade/ExtendedCompilerEngine->evaluatePath('C://xampp//htdocs...', Array)
#4 C:/xampp/htdocs/project/vendor/livewire/livewire/src/Mechanisms/ExtendBlade/ExtendedCompilerEngine.php(10): Illuminate/View/Engines/CompilerEngine->get('C://xampp//htdocs...', Array)
#5 C:/xampp/htdocs/project/vendor/laravel/framework/src/Illuminate/View/View.php(209): Livewire/Mechanisms/ExtendBlade/ExtendedCompilerEngine->get('C://xampp//htdocs...', Array)
#6 C:/xampp/htdocs/project/vendor/laravel/framework/src/Illuminate/View/View.php(192): Illuminate/View/View->getContents()
#7 C:/xampp/htdocs/project/vendor/laravel/framework/src/Illuminate/View/View.php(161): Illuminate/View/View->renderContents()
#8 C:/xampp/htdocs/project/vendor/laravel/framework/src/Illuminate/View/Concerns/ManagesComponents.php(103): Illuminate/View/View->render()
#9 C:/xampp/htdocs/project/storage/framework/views/c288f4e86b881911a833426779329871.php(17): Illuminate/View/Factory->renderComponent()
#10 C:/xampp/htdocs/project/vendor/laravel/framework/src/Illuminate/Filesystem/Filesystem.php(123): require('C://xampp//htdocs...')
#11 C:/xampp/htdocs/project/vendor/laravel/framework/src/Illuminate/Filesystem/Filesystem.php(124): Illuminate/Filesystem/Filesystem::{closure:Illuminate/Filesystem/Filesystem::getRequire():120}()
#12 C:/xampp/htdocs/project/vendor/laravel/framework/src/Illuminate/View/Engines/PhpEngine.php(58): Illuminate/Filesystem/Filesystem->getRequire('C://xampp//htdocs...', Array)
#13 C:/xampp/htdocs/project/vendor/livewire/livewire/src/Mechanisms/ExtendBlade/ExtendedCompilerEngine.php(22): Illuminate/View/Engines/PhpEngine->evaluatePath('C://xampp//htdocs...', Array)
#14 C:/xampp/htdocs/project/vendor/laravel/framework/src/Illuminate/View/Engines/CompilerEngine.php(75): Livewire/Mechanisms/ExtendBlade/ExtendedCompilerEngine->evaluatePath('C://xampp//htdocs...', Array)
#15 C:/xampp/htdocs/project/vendor/livewire/livewire/src/Mechanisms/ExtendBlade/ExtendedCompilerEngine.php(10): Illuminate/View/Engines/CompilerEngine->get('C://xampp//htdocs...', Array)
#16 C:/xampp/htdocs/project/vendor/laravel/framework/src/Illuminate/View/View.php(209): Livewire/Mechanisms/ExtendBlade/ExtendedCompilerEngine->get('C://xampp//htdocs...', Array)
#17 C:/xampp/htdocs/project/vendor/laravel/framework/src/Illuminate/View/View.php(192): Illuminate/View/View->getContents()
#18 C:/xampp/htdocs/project/vendor/laravel/framework/src/Illuminate/View/View.php(161): Illuminate/View/View->renderContents()
#19 C:/xampp/htdocs/project/vendor/laravel/framework/src/Illuminate/View/Compilers/BladeCompiler.php(337): Illuminate/View/View->render()
#20 C:/xampp/htdocs/project/vendor/laravel/framework/src/Illuminate/Support/Facades/Facade.php(361): Illuminate/View/Compilers/BladeCompiler::render('    <?php $layo...', Array)
#21 C:/xampp/htdocs/project/vendor/livewire/livewire/src/Features/SupportPageComponents/SupportPageComponents.php(153): Illuminate/Support/Facades/Facade::__callStatic('render', Array)
#22 C:/xampp/htdocs/project/vendor/livewire/livewire/src/Features/SupportPageComponents/HandlesPageComponents.php(24): Livewire/Features/SupportPageComponents/SupportPageComponents::renderContentsIntoLayout('<div wire:snaps...', Object(Livewire/Features/SupportPageComponents/PageComponentConfig))
#23 C:/xampp/htdocs/project/vendor/laravel/framework/src/Illuminate/Routing/ControllerDispatcher.php(47): Livewire/Component->__invoke()
#24 C:/xampp/htdocs/project/vendor/laravel/framework/src/Illuminate/Routing/Route.php(266): Illuminate/Routing/ControllerDispatcher->dispatch(Object(Illuminate/Routing/Route), Object(App/Filament/Pages/Attendance), '__invoke')
#25 C:/xampp/htdocs/project/vendor/laravel/framework/src/Illuminate/Routing/Route.php(212): Illuminate/Routing/Route->runController()
#26 C:/xampp/htdocs/project/vendor/laravel/framework/src/Illuminate/Routing/Router.php(808): Illuminate/Routing/Route->run()
#27 C:/xampp/htdocs/project/vendor/laravel/framework/src/Illuminate/Pipeline/Pipeline.php(170): Illuminate/Routing/Router->{closure:Illuminate/Routing/Router::runRouteWithinStack():807}(Object(Illuminate/Http/Request))
#28 C:/xampp/htdocs/project/vendor/filament/filament/src/Http/Middleware/DispatchServingFilamentEvent.php(15): Illuminate/Pipeline/Pipeline->{closure:Illuminate/Pipeline/Pipeline::prepareDestination():168}(Object(Illuminate/Http/Request))
#29 C:/xampp/htdocs/project/vendor/laravel/framework/src/Illuminate/Pipeline/Pipeline.php(209): Filament/Http/Middleware/DispatchServingFilamentEvent->handle(Object(Illuminate/Http/Request), Object(Closure))
#30 C:/xampp/htdocs/project/vendor/filament/filament/src/Http/Middleware/DisableBladeIconComponents.php(14): Illuminate/Pipeline/Pipeline->{closure:{closure:Illuminate/Pipeline/Pipeline::carry():184}:185}(Object(Illuminate/Http/Request))
#31 C:/xampp/htdocs/project/vendor/laravel/framework/src/Illuminate/Pipeline/Pipeline.php(209): Filament/Http/Middleware/DisableBladeIconComponents->handle(Object(Illuminate/Http/Request), Object(Closure))
#32 C:/xampp/htdocs/project/vendor/laravel/framework/src/Illuminate/Routing/Middleware/SubstituteBindings.php(51): Illuminate/Pipeline/Pipeline->{closure:{closure:Illuminate/Pipeline/Pipeline::carry():184}:185}(Object(Illuminate/Http/Request))
#33 C:/xampp/htdocs/project/vendor/laravel/framework/src/Illuminate/Pipeline/Pipeline.php(209): Illuminate/Routing/Middleware/SubstituteBindings->handle(Object(Illuminate/Http/Request), Object(Closure))
#34 C:/xampp/htdocs/project/vendor/laravel/framework/src/Illuminate/Foundation/Http/Middleware/VerifyCsrfToken.php(88): Illuminate/Pipeline/Pipeline->{closure:{closure:Illuminate/Pipeline/Pipeline::carry():184}:185}(Object(Illuminate/Http/Request))
#35 C:/xampp/htdocs/project/vendor/laravel/framework/src/Illuminate/Pipeline/Pipeline.php(209): Illuminate/Foundation/Http/Middleware/VerifyCsrfToken->handle(Object(Illuminate/Http/Request), Object(Closure))
#36 C:/xampp/htdocs/project/vendor/laravel/framework/src/Illuminate/Session/Middleware/AuthenticateSession.php(67): Illuminate/Pipeline/Pipeline->{closure:{closure:Illuminate/Pipeline/Pipeline::carry():184}:185}(Object(Illuminate/Http/Request))
#37 C:/xampp/htdocs/project/vendor/laravel/framework/src/Illuminate/Pipeline/Pipeline.php(209): Illuminate/Session/Middleware/AuthenticateSession->handle(Object(Illuminate/Http/Request), Object(Closure))
#38 C:/xampp/htdocs/project/vendor/laravel/framework/src/Illuminate/Auth/Middleware/Authenticate.php(64): Illuminate/Pipeline/Pipeline->{closure:{closure:Illuminate/Pipeline/Pipeline::carry():184}:185}(Object(Illuminate/Http/Request))
#39 C:/xampp/htdocs/project/vendor/laravel/framework/src/Illuminate/Pipeline/Pipeline.php(209): Illuminate/Auth/Middleware/Authenticate->handle(Object(Illuminate/Http/Request), Object(Closure))
#40 C:/xampp/htdocs/project/vendor/laravel/framework/src/Illuminate/View/Middleware/ShareErrorsFromSession.php(49): Illuminate/Pipeline/Pipeline->{closure:{closure:Illuminate/Pipeline/Pipeline::carry():184}:185}(Object(Illuminate/Http/Request))
#41 C:/xampp/htdocs/project/vendor/laravel/framework/src/Illuminate/Pipeline/Pipeline.php(209): Illuminate/View/Middleware/ShareErrorsFromSession->handle(Object(Illuminate/Http/Request), Object(Closure))
#42 C:/xampp/htdocs/project/vendor/laravel/framework/src/Illuminate/Session/Middleware/StartSession.php(121): Illuminate/Pipeline/Pipeline->{closure:{closure:Illuminate/Pipeline/Pipeline::carry():184}:185}(Object(Illuminate/Http/Request))
#43 C:/xampp/htdocs/project/vendor/laravel/framework/src/Illuminate/Session/Middleware/StartSession.php(64): Illuminate/Session/Middleware/StartSession->handleStatefulRequest(Object(Illuminate/Http/Request), Object(Illuminate/Session/Store), Object(Closure))
#44 C:/xampp/htdocs/project/vendor/laravel/framework/src/Illuminate/Pipeline/Pipeline.php(209): Illuminate/Session/Middleware/StartSession->handle(Object(Illuminate/Http/Request), Object(Closure))
#45 C:/xampp/htdocs/project/vendor/laravel/framework/src/Illuminate/Cookie/Middleware/AddQueuedCookiesToResponse.php(37): Illuminate/Pipeline/Pipeline->{closure:{closure:Illuminate/Pipeline/Pipeline::carry():184}:185}(Object(Illuminate/Http/Request))
#46 C:/xampp/htdocs/project/vendor/laravel/framework/src/Illuminate/Pipeline/Pipeline.php(209): Illuminate/Cookie/Middleware/AddQueuedCookiesToResponse->handle(Object(Illuminate/Http/Request), Object(Closure))
#47 C:/xampp/htdocs/project/vendor/laravel/framework/src/Illuminate/Cookie/Middleware/EncryptCookies.php(75): Illuminate/Pipeline/Pipeline->{closure:{closure:Illuminate/Pipeline/Pipeline::carry():184}:185}(Object(Illuminate/Http/Request))
#48 C:/xampp/htdocs/project/vendor/laravel/framework/src/Illuminate/Pipeline/Pipeline.php(209): Illuminate/Cookie/Middleware/EncryptCookies->handle(Object(Illuminate/Http/Request), Object(Closure))
#49 C:/xampp/htdocs/project/vendor/filament/filament/src/Http/Middleware/SetUpPanel.php(19): Illuminate/Pipeline/Pipeline->{closure:{closure:Illuminate/Pipeline/Pipeline::carry():184}:185}(Object(Illuminate/Http/Request))
#50 C:/xampp/htdocs/project/vendor/laravel/framework/src/Illuminate/Pipeline/Pipeline.php(209): Filament/Http/Middleware/SetUpPanel->handle(Object(Illuminate/Http/Request), Object(Closure), Object(Filament/Panel))
#51 C:/xampp/htdocs/project/vendor/laravel/framework/src/Illuminate/Pipeline/Pipeline.php(127): Illuminate/Pipeline/Pipeline->{closure:{closure:Illuminate/Pipeline/Pipeline::carry():184}:185}(Object(Illuminate/Http/Request))
#52 C:/xampp/htdocs/project/vendor/laravel/framework/src/Illuminate/Routing/Router.php(807): Illuminate/Pipeline/Pipeline->then(Object(Closure))
#53 C:/xampp/htdocs/project/vendor/laravel/framework/src/Illuminate/Routing/Router.php(786): Illuminate/Routing/Router->runRouteWithinStack(Object(Illuminate/Routing/Route), Object(Illuminate/Http/Request))
#54 C:/xampp/htdocs/project/vendor/laravel/framework/src/Illuminate/Routing/Router.php(750): Illuminate/Routing/Router->runRoute(Object(Illuminate/Http/Request), Object(Illuminate/Routing/Route))
#55 C:/xampp/htdocs/project/vendor/laravel/framework/src/Illuminate/Routing/Router.php(739): Illuminate/Routing/Router->dispatchToRoute(Object(Illuminate/Http/Request))
#56 C:/xampp/htdocs/project/vendor/laravel/framework/src/Illuminate/Foundation/Http/Kernel.php(201): Illuminate/Routing/Router->dispatch(Object(Illuminate/Http/Request))
#57 C:/xampp/htdocs/project/vendor/laravel/framework/src/Illuminate/Pipeline/Pipeline.php(170): Illuminate/Foundation/Http/Kernel->{closure:Illuminate/Foundation/Http/Kernel::dispatchToRouter():198}(Object(Illuminate/Http/Request))
#58 C:/xampp/htdocs/project/vendor/livewire/livewire/src/Features/SupportDisablingBackButtonCache/DisableBackButtonCacheMiddleware.php(19): Illuminate/Pipeline/Pipeline->{closure:Illuminate/Pipeline/Pipeline::prepareDestination():168}(Object(Illuminate/Http/Request))
#59 C:/xampp/htdocs/project/vendor/laravel/framework/src/Illuminate/Pipeline/Pipeline.php(209): Livewire/Features/SupportDisablingBackButtonCache/DisableBackButtonCacheMiddleware->handle(Object(Illuminate/Http/Request), Object(Closure))
#60 C:/xampp/htdocs/project/vendor/laravel/framework/src/Illuminate/Foundation/Http/Middleware/TransformsRequest.php(21): Illuminate/Pipeline/Pipeline->{closure:{closure:Illuminate/Pipeline/Pipeline::carry():184}:185}(Object(Illuminate/Http/Request))
#61 C:/xampp/htdocs/project/vendor/laravel/framework/src/Illuminate/Foundation/Http/Middleware/ConvertEmptyStringsToNull.php(31): Illuminate/Foundation/Http/Middleware/TransformsRequest->handle(Object(Illuminate/Http/Request), Object(Closure))
#62 C:/xampp/htdocs/project/vendor/laravel/framework/src/Illuminate/Pipeline/Pipeline.php(209): Illuminate/Foundation/Http/Middleware/ConvertEmptyStringsToNull->handle(Object(Illuminate/Http/Request), Object(Closure))
#63 C:/xampp/htdocs/project/vendor/laravel/framework/src/Illuminate/Foundation/Http/Middleware/TransformsRequest.php(21): Illuminate/Pipeline/Pipeline->{closure:{closure:Illuminate/Pipeline/Pipeline::carry():184}:185}(Object(Illuminate/Http/Request))
#64 C:/xampp/htdocs/project/vendor/laravel/framework/src/Illuminate/Foundation/Http/Middleware/TrimStrings.php(51): Illuminate/Foundation/Http/Middleware/TransformsRequest->handle(Object(Illuminate/Http/Request), Object(Closure))
#65 C:/xampp/htdocs/project/vendor/laravel/framework/src/Illuminate/Pipeline/Pipeline.php(209): Illuminate/Foundation/Http/Middleware/TrimStrings->handle(Object(Illuminate/Http/Request), Object(Closure))
#66 C:/xampp/htdocs/project/vendor/laravel/framework/src/Illuminate/Http/Middleware/ValidatePostSize.php(27): Illuminate/Pipeline/Pipeline->{closure:{closure:Illuminate/Pipeline/Pipeline::carry():184}:185}(Object(Illuminate/Http/Request))
#67 C:/xampp/htdocs/project/vendor/laravel/framework/src/Illuminate/Pipeline/Pipeline.php(209): Illuminate/Http/Middleware/ValidatePostSize->handle(Object(Illuminate/Http/Request), Object(Closure))
#68 C:/xampp/htdocs/project/vendor/laravel/framework/src/Illuminate/Foundation/Http/Middleware/PreventRequestsDuringMaintenance.php(110): Illuminate/Pipeline/Pipeline->{closure:{closure:Illuminate/Pipeline/Pipeline::carry():184}:185}(Object(Illuminate/Http/Request))
#69 C:/xampp/htdocs/project/vendor/laravel/framework/src/Illuminate/Pipeline/Pipeline.php(209): Illuminate/Foundation/Http/Middleware/PreventRequestsDuringMaintenance->handle(Object(Illuminate/Http/Request), Object(Closure))
#70 C:/xampp/htdocs/project/vendor/laravel/framework/src/Illuminate/Http/Middleware/HandleCors.php(49): Illuminate/Pipeline/Pipeline->{closure:{closure:Illuminate/Pipeline/Pipeline::carry():184}:185}(Object(Illuminate/Http/Request))
#71 C:/xampp/htdocs/project/vendor/laravel/framework/src/Illuminate/Pipeline/Pipeline.php(209): Illuminate/Http/Middleware/HandleCors->handle(Object(Illuminate/Http/Request), Object(Closure))
#72 C:/xampp/htdocs/project/vendor/laravel/framework/src/Illuminate/Http/Middleware/TrustProxies.php(58): Illuminate/Pipeline/Pipeline->{closure:{closure:Illuminate/Pipeline/Pipeline::carry():184}:185}(Object(Illuminate/Http/Request))
#73 C:/xampp/htdocs/project/vendor/laravel/framework/src/Illuminate/Pipeline/Pipeline.php(209): Illuminate/Http/Middleware/TrustProxies->handle(Object(Illuminate/Http/Request), Object(Closure))
#74 C:/xampp/htdocs/project/vendor/laravel/framework/src/Illuminate/Foundation/Http/Middleware/InvokeDeferredCallbacks.php(22): Illuminate/Pipeline/Pipeline->{closure:{closure:Illuminate/Pipeline/Pipeline::carry():184}:185}(Object(Illuminate/Http/Request))
#75 C:/xampp/htdocs/project/vendor/laravel/framework/src/Illuminate/Pipeline/Pipeline.php(209): Illuminate/Foundation/Http/Middleware/InvokeDeferredCallbacks->handle(Object(Illuminate/Http/Request), Object(Closure))
#76 C:/xampp/htdocs/project/vendor/laravel/framework/src/Illuminate/Pipeline/Pipeline.php(127): Illuminate/Pipeline/Pipeline->{closure:{closure:Illuminate/Pipeline/Pipeline::carry():184}:185}(Object(Illuminate/Http/Request))
#77 C:/xampp/htdocs/project/vendor/laravel/framework/src/Illuminate/Foundation/Http/Kernel.php(176): Illuminate/Pipeline/Pipeline->then(Object(Closure))
#78 C:/xampp/htdocs/project/vendor/laravel/framework/src/Illuminate/Foundation/Http/Kernel.php(145): Illuminate/Foundation/Http/Kernel->sendRequestThroughRouter(Object(Illuminate/Http/Request))
#79 C:/xampp/htdocs/project/vendor/laravel/framework/src/Illuminate/Foundation/Application.php(1220): Illuminate/Foundation/Http/Kernel->handle(Object(Illuminate/Http/Request))
#80 C:/xampp/htdocs/project/public/index.php(17): Illuminate/Foundation/Application->handleRequest(Object(Illuminate/Http/Request))
#81 C:/xampp/htdocs/project/vendor/laravel/framework/src/Illuminate/Foundation/resources/server.php(23): require_once('C://xampp//htdocs...')
#82 {main}

[previous exception] [object] (Illuminate\\View\\ViewException(code: 0): There is no permission named `manage-users` for guard `admin`. (View: C:\\xampp\\htdocs\\project\\resources\\views\\filament\\product-shell.blade.php) (View: C:\\xampp\\htdocs\\project\\resources\\views\\filament\\product-shell.blade.php) at C:/xampp/htdocs/project/vendor/spatie/laravel-permission/src/Exceptions/PermissionDoesNotExist.php:11)
[stacktrace]
#0 C:/xampp/htdocs/project/vendor/livewire/livewire/src/Mechanisms/ExtendBlade/ExtendedCompilerEngine.php(58): Illuminate/View/Engines/CompilerEngine->handleViewException(Object(Illuminate/View/ViewException), 3)
#1 C:/xampp/htdocs/project/vendor/laravel/framework/src/Illuminate/View/Engines/PhpEngine.php(60): Livewire/Mechanisms/ExtendBlade/ExtendedCompilerEngine->handleViewException(Object(Illuminate/View/ViewException), 3)
#2 C:/xampp/htdocs/project/vendor/livewire/livewire/src/Mechanisms/ExtendBlade/ExtendedCompilerEngine.php(22): Illuminate/View/Engines/PhpEngine->evaluatePath('C://xampp//htdocs...', Array)
#3 C:/xampp/htdocs/project/vendor/laravel/framework/src/Illuminate/View/Engines/CompilerEngine.php(75): Livewire/Mechanisms/ExtendBlade/ExtendedCompilerEngine->evaluatePath('C://xampp//htdocs...', Array)
#4 C:/xampp/htdocs/project/vendor/livewire/livewire/src/Mechanisms/ExtendBlade/ExtendedCompilerEngine.php(10): Illuminate/View/Engines/CompilerEngine->get('C://xampp//htdocs...', Array)
#5 C:/xampp/htdocs/project/vendor/laravel/framework/src/Illuminate/View/View.php(209): Livewire/Mechanisms/ExtendBlade/ExtendedCompilerEngine->get('C://xampp//htdocs...', Array)
#6 C:/xampp/htdocs/project/vendor/laravel/framework/src/Illuminate/View/View.php(192): Illuminate/View/View->getContents()
#7 C:/xampp/htdocs/project/vendor/laravel/framework/src/Illuminate/View/View.php(161): Illuminate/View/View->renderContents()
#8 C:/xampp/htdocs/project/vendor/laravel/framework/src/Illuminate/View/Concerns/ManagesComponents.php(103): Illuminate/View/View->render()
#9 C:/xampp/htdocs/project/storage/framework/views/7aa74f4c920360b673ff40f864b9a13e.php(196): Illuminate/View/Factory->renderComponent()
#10 C:/xampp/htdocs/project/vendor/laravel/framework/src/Illuminate/Filesystem/Filesystem.php(123): require('C://xampp//htdocs...')
#11 C:/xampp/htdocs/project/vendor/laravel/framework/src/Illuminate/Filesystem/Filesystem.php(124): Illuminate/Filesystem/Filesystem::{closure:Illuminate/Filesystem/Filesystem::getRequire():120}()
#12 C:/xampp/htdocs/project/vendor/laravel/framework/src/Illuminate/View/Engines/PhpEngine.php(58): Illuminate/Filesystem/Filesystem->getRequire('C://xampp//htdocs...', Array)
#13 C:/xampp/htdocs/project/vendor/livewire/livewire/src/Mechanisms/ExtendBlade/ExtendedCompilerEngine.php(22): Illuminate/View/Engines/PhpEngine->evaluatePath('C://xampp//htdocs...', Array)
#14 C:/xampp/htdocs/project/vendor/laravel/framework/src/Illuminate/View/Engines/CompilerEngine.php(75): Livewire/Mechanisms/ExtendBlade/ExtendedCompilerEngine->evaluatePath('C://xampp//htdocs...', Array)
#15 C:/xampp/htdocs/project/vendor/livewire/livewire/src/Mechanisms/ExtendBlade/ExtendedCompilerEngine.php(10): Illuminate/View/Engines/CompilerEngine->get('C://xampp//htdocs...', Array)
#16 C:/xampp/htdocs/project/vendor/laravel/framework/src/Illuminate/View/View.php(209): Livewire/Mechanisms/ExtendBlade/ExtendedCompilerEngine->get('C://xampp//htdocs...', Array)
#17 C:/xampp/htdocs/project/vendor/laravel/framework/src/Illuminate/View/View.php(192): Illuminate/View/View->getContents()
#18 C:/xampp/htdocs/project/vendor/laravel/framework/src/Illuminate/View/View.php(161): Illuminate/View/View->renderContents()
#19 C:/xampp/htdocs/project/vendor/laravel/framework/src/Illuminate/View/Concerns/ManagesComponents.php(103): Illuminate/View/View->render()
#20 C:/xampp/htdocs/project/storage/framework/views/c288f4e86b881911a833426779329871.php(17): Illuminate/View/Factory->renderComponent()
#21 C:/xampp/htdocs/project/vendor/laravel/framework/src/Illuminate/Filesystem/Filesystem.php(123): require('C://xampp//htdocs...')
#22 C:/xampp/htdocs/project/vendor/laravel/framework/src/Illuminate/Filesystem/Filesystem.php(124): Illuminate/Filesystem/Filesystem::{closure:Illuminate/Filesystem/Filesystem::getRequire():120}()
#23 C:/xampp/htdocs/project/vendor/laravel/framework/src/Illuminate/View/Engines/PhpEngine.php(58): Illuminate/Filesystem/Filesystem->getRequire('C://xampp//htdocs...', Array)
#24 C:/xampp/htdocs/project/vendor/livewire/livewire/src/Mechanisms/ExtendBlade/ExtendedCompilerEngine.php(22): Illuminate/View/Engines/PhpEngine->evaluatePath('C://xampp//htdocs...', Array)
#25 C:/xampp/htdocs/project/vendor/laravel/framework/src/Illuminate/View/Engines/CompilerEngine.php(75): Livewire/Mechanisms/ExtendBlade/ExtendedCompilerEngine->evaluatePath('C://xampp//htdocs...', Array)
#26 C:/xampp/htdocs/project/vendor/livewire/livewire/src/Mechanisms/ExtendBlade/ExtendedCompilerEngine.php(10): Illuminate/View/Engines/CompilerEngine->get('C://xampp//htdocs...', Array)
#27 C:/xampp/htdocs/project/vendor/laravel/framework/src/Illuminate/View/View.php(209): Livewire/Mechanisms/ExtendBlade/ExtendedCompilerEngine->get('C://xampp//htdocs...', Array)
#28 C:/xampp/htdocs/project/vendor/laravel/framework/src/Illuminate/View/View.php(192): Illuminate/View/View->getContents()
#29 C:/xampp/htdocs/project/vendor/laravel/framework/src/Illuminate/View/View.php(161): Illuminate/View/View->renderContents()
#30 C:/xampp/htdocs/project/vendor/laravel/framework/src/Illuminate/View/Compilers/BladeCompiler.php(337): Illuminate/View/View->render()
#31 C:/xampp/htdocs/project/vendor/laravel/framework/src/Illuminate/Support/Facades/Facade.php(361): Illuminate/View/Compilers/BladeCompiler::render('    <?php $layo...', Array)
#32 C:/xampp/htdocs/project/vendor/livewire/livewire/src/Features/SupportPageComponents/SupportPageComponents.php(153): Illuminate/Support/Facades/Facade::__callStatic('render', Array)
#33 C:/xampp/htdocs/project/vendor/livewire/livewire/src/Features/SupportPageComponents/HandlesPageComponents.php(24): Livewire/Features/SupportPageComponents/SupportPageComponents::renderContentsIntoLayout('<div wire:snaps...', Object(Livewire/Features/SupportPageComponents/PageComponentConfig))
#34 C:/xampp/htdocs/project/vendor/laravel/framework/src/Illuminate/Routing/ControllerDispatcher.php(47): Livewire/Component->__invoke()
#35 C:/xampp/htdocs/project/vendor/laravel/framework/src/Illuminate/Routing/Route.php(266): Illuminate/Routing/ControllerDispatcher->dispatch(Object(Illuminate/Routing/Route), Object(App/Filament/Pages/Attendance), '__invoke')
#36 C:/xampp/htdocs/project/vendor/laravel/framework/src/Illuminate/Routing/Route.php(212): Illuminate/Routing/Route->runController()
#37 C:/xampp/htdocs/project/vendor/laravel/framework/src/Illuminate/Routing/Router.php(808): Illuminate/Routing/Route->run()
#38 C:/xampp/htdocs/project/vendor/laravel/framework/src/Illuminate/Pipeline/Pipeline.php(170): Illuminate/Routing/Router->{closure:Illuminate/Routing/Router::runRouteWithinStack():807}(Object(Illuminate/Http/Request))
#39 C:/xampp/htdocs/project/vendor/filament/filament/src/Http/Middleware/DispatchServingFilamentEvent.php(15): Illuminate/Pipeline/Pipeline->{closure:Illuminate/Pipeline/Pipeline::prepareDestination():168}(Object(Illuminate/Http/Request))
#40 C:/xampp/htdocs/project/vendor/laravel/framework/src/Illuminate/Pipeline/Pipeline.php(209): Filament/Http/Middleware/DispatchServingFilamentEvent->handle(Object(Illuminate/Http/Request), Object(Closure))
#41 C:/xampp/htdocs/project/vendor/filament/filament/src/Http/Middleware/DisableBladeIconComponents.php(14): Illuminate/Pipeline/Pipeline->{closure:{closure:Illuminate/Pipeline/Pipeline::carry():184}:185}(Object(Illuminate/Http/Request))
#42 C:/xampp/htdocs/project/vendor/laravel/framework/src/Illuminate/Pipeline/Pipeline.php(209): Filament/Http/Middleware/DisableBladeIconComponents->handle(Object(Illuminate/Http/Request), Object(Closure))
#43 C:/xampp/htdocs/project/vendor/laravel/framework/src/Illuminate/Routing/Middleware/SubstituteBindings.php(51): Illuminate/Pipeline/Pipeline->{closure:{closure:Illuminate/Pipeline/Pipeline::carry():184}:185}(Object(Illuminate/Http/Request))
#44 C:/xampp/htdocs/project/vendor/laravel/framework/src/Illuminate/Pipeline/Pipeline.php(209): Illuminate/Routing/Middleware/SubstituteBindings->handle(Object(Illuminate/Http/Request), Object(Closure))
#45 C:/xampp/htdocs/project/vendor/laravel/framework/src/Illuminate/Foundation/Http/Middleware/VerifyCsrfToken.php(88): Illuminate/Pipeline/Pipeline->{closure:{closure:Illuminate/Pipeline/Pipeline::carry():184}:185}(Object(Illuminate/Http/Request))
#46 C:/xampp/htdocs/project/vendor/laravel/framework/src/Illuminate/Pipeline/Pipeline.php(209): Illuminate/Foundation/Http/Middleware/VerifyCsrfToken->handle(Object(Illuminate/Http/Request), Object(Closure))
#47 C:/xampp/htdocs/project/vendor/laravel/framework/src/Illuminate/Session/Middleware/AuthenticateSession.php(67): Illuminate/Pipeline/Pipeline->{closure:{closure:Illuminate/Pipeline/Pipeline::carry():184}:185}(Object(Illuminate/Http/Request))
#48 C:/xampp/htdocs/project/vendor/laravel/framework/src/Illuminate/Pipeline/Pipeline.php(209): Illuminate/Session/Middleware/AuthenticateSession->handle(Object(Illuminate/Http/Request), Object(Closure))
#49 C:/xampp/htdocs/project/vendor/laravel/framework/src/Illuminate/Auth/Middleware/Authenticate.php(64): Illuminate/Pipeline/Pipeline->{closure:{closure:Illuminate/Pipeline/Pipeline::carry():184}:185}(Object(Illuminate/Http/Request))
#50 C:/xampp/htdocs/project/vendor/laravel/framework/src/Illuminate/Pipeline/Pipeline.php(209): Illuminate/Auth/Middleware/Authenticate->handle(Object(Illuminate/Http/Request), Object(Closure))
#51 C:/xampp/htdocs/project/vendor/laravel/framework/src/Illuminate/View/Middleware/ShareErrorsFromSession.php(49): Illuminate/Pipeline/Pipeline->{closure:{closure:Illuminate/Pipeline/Pipeline::carry():184}:185}(Object(Illuminate/Http/Request))
#52 C:/xampp/htdocs/project/vendor/laravel/framework/src/Illuminate/Pipeline/Pipeline.php(209): Illuminate/View/Middleware/ShareErrorsFromSession->handle(Object(Illuminate/Http/Request), Object(Closure))
#53 C:/xampp/htdocs/project/vendor/laravel/framework/src/Illuminate/Session/Middleware/StartSession.php(121): Illuminate/Pipeline/Pipeline->{closure:{closure:Illuminate/Pipeline/Pipeline::carry():184}:185}(Object(Illuminate/Http/Request))
#54 C:/xampp/htdocs/project/vendor/laravel/framework/src/Illuminate/Session/Middleware/StartSession.php(64): Illuminate/Session/Middleware/StartSession->handleStatefulRequest(Object(Illuminate/Http/Request), Object(Illuminate/Session/Store), Object(Closure))
#55 C:/xampp/htdocs/project/vendor/laravel/framework/src/Illuminate/Pipeline/Pipeline.php(209): Illuminate/Session/Middleware/StartSession->handle(Object(Illuminate/Http/Request), Object(Closure))
#56 C:/xampp/htdocs/project/vendor/laravel/framework/src/Illuminate/Cookie/Middleware/AddQueuedCookiesToResponse.php(37): Illuminate/Pipeline/Pipeline->{closure:{closure:Illuminate/Pipeline/Pipeline::carry():184}:185}(Object(Illuminate/Http/Request))
#57 C:/xampp/htdocs/project/vendor/laravel/framework/src/Illuminate/Pipeline/Pipeline.php(209): Illuminate/Cookie/Middleware/AddQueuedCookiesToResponse->handle(Object(Illuminate/Http/Request), Object(Closure))
#58 C:/xampp/htdocs/project/vendor/laravel/framework/src/Illuminate/Cookie/Middleware/EncryptCookies.php(75): Illuminate/Pipeline/Pipeline->{closure:{closure:Illuminate/Pipeline/Pipeline::carry():184}:185}(Object(Illuminate/Http/Request))
#59 C:/xampp/htdocs/project/vendor/laravel/framework/src/Illuminate/Pipeline/Pipeline.php(209): Illuminate/Cookie/Middleware/EncryptCookies->handle(Object(Illuminate/Http/Request), Object(Closure))
#60 C:/xampp/htdocs/project/vendor/filament/filament/src/Http/Middleware/SetUpPanel.php(19): Illuminate/Pipeline/Pipeline->{closure:{closure:Illuminate/Pipeline/Pipeline::carry():184}:185}(Object(Illuminate/Http/Request))
#61 C:/xampp/htdocs/project/vendor/laravel/framework/src/Illuminate/Pipeline/Pipeline.php(209): Filament/Http/Middleware/SetUpPanel->handle(Object(Illuminate/Http/Request), Object(Closure), Object(Filament/Panel))
#62 C:/xampp/htdocs/project/vendor/laravel/framework/src/Illuminate/Pipeline/Pipeline.php(127): Illuminate/Pipeline/Pipeline->{closure:{closure:Illuminate/Pipeline/Pipeline::carry():184}:185}(Object(Illuminate/Http/Request))
#63 C:/xampp/htdocs/project/vendor/laravel/framework/src/Illuminate/Routing/Router.php(807): Illuminate/Pipeline/Pipeline->then(Object(Closure))
#64 C:/xampp/htdocs/project/vendor/laravel/framework/src/Illuminate/Routing/Router.php(786): Illuminate/Routing/Router->runRouteWithinStack(Object(Illuminate/Routing/Route), Object(Illuminate/Http/Request))
#65 C:/xampp/htdocs/project/vendor/laravel/framework/src/Illuminate/Routing/Router.php(750): Illuminate/Routing/Router->runRoute(Object(Illuminate/Http/Request), Object(Illuminate/Routing/Route))
#66 C:/xampp/htdocs/project/vendor/laravel/framework/src/Illuminate/Routing/Router.php(739): Illuminate/Routing/Router->dispatchToRoute(Object(Illuminate/Http/Request))
#67 C:/xampp/htdocs/project/vendor/laravel/framework/src/Illuminate/Foundation/Http/Kernel.php(201): Illuminate/Routing/Router->dispatch(Object(Illuminate/Http/Request))
#68 C:/xampp/htdocs/project/vendor/laravel/framework/src/Illuminate/Pipeline/Pipeline.php(170): Illuminate/Foundation/Http/Kernel->{closure:Illuminate/Foundation/Http/Kernel::dispatchToRouter():198}(Object(Illuminate/Http/Request))
#69 C:/xampp/htdocs/project/vendor/livewire/livewire/src/Features/SupportDisablingBackButtonCache/DisableBackButtonCacheMiddleware.php(19): Illuminate/Pipeline/Pipeline->{closure:Illuminate/Pipeline/Pipeline::prepareDestination():168}(Object(Illuminate/Http/Request))
#70 C:/xampp/htdocs/project/vendor/laravel/framework/src/Illuminate/Pipeline/Pipeline.php(209): Livewire/Features/SupportDisablingBackButtonCache/DisableBackButtonCacheMiddleware->handle(Object(Illuminate/Http/Request), Object(Closure))
#71 C:/xampp/htdocs/project/vendor/laravel/framework/src/Illuminate/Foundation/Http/Middleware/TransformsRequest.php(21): Illuminate/Pipeline/Pipeline->{closure:{closure:Illuminate/Pipeline/Pipeline::carry():184}:185}(Object(Illuminate/Http/Request))
#72 C:/xampp/htdocs/project/vendor/laravel/framework/src/Illuminate/Foundation/Http/Middleware/ConvertEmptyStringsToNull.php(31): Illuminate/Foundation/Http/Middleware/TransformsRequest->handle(Object(Illuminate/Http/Request), Object(Closure))
#73 C:/xampp/htdocs/project/vendor/laravel/framework/src/Illuminate/Pipeline/Pipeline.php(209): Illuminate/Foundation/Http/Middleware/ConvertEmptyStringsToNull->handle(Object(Illuminate/Http/Request), Object(Closure))
#74 C:/xampp/htdocs/project/vendor/laravel/framework/src/Illuminate/Foundation/Http/Middleware/TransformsRequest.php(21): Illuminate/Pipeline/Pipeline->{closure:{closure:Illuminate/Pipeline/Pipeline::carry():184}:185}(Object(Illuminate/Http/Request))
#75 C:/xampp/htdocs/project/vendor/laravel/framework/src/Illuminate/Foundation/Http/Middleware/TrimStrings.php(51): Illuminate/Foundation/Http/Middleware/TransformsRequest->handle(Object(Illuminate/Http/Request), Object(Closure))
#76 C:/xampp/htdocs/project/vendor/laravel/framework/src/Illuminate/Pipeline/Pipeline.php(209): Illuminate/Foundation/Http/Middleware/TrimStrings->handle(Object(Illuminate/Http/Request), Object(Closure))
#77 C:/xampp/htdocs/project/vendor/laravel/framework/src/Illuminate/Http/Middleware/ValidatePostSize.php(27): Illuminate/Pipeline/Pipeline->{closure:{closure:Illuminate/Pipeline/Pipeline::carry():184}:185}(Object(Illuminate/Http/Request))
#78 C:/xampp/htdocs/project/vendor/laravel/framework/src/Illuminate/Pipeline/Pipeline.php(209): Illuminate/Http/Middleware/ValidatePostSize->handle(Object(Illuminate/Http/Request), Object(Closure))
#79 C:/xampp/htdocs/project/vendor/laravel/framework/src/Illuminate/Foundation/Http/Middleware/PreventRequestsDuringMaintenance.php(110): Illuminate/Pipeline/Pipeline->{closure:{closure:Illuminate/Pipeline/Pipeline::carry():184}:185}(Object(Illuminate/Http/Request))
#80 C:/xampp/htdocs/project/vendor/laravel/framework/src/Illuminate/Pipeline/Pipeline.php(209): Illuminate/Foundation/Http/Middleware/PreventRequestsDuringMaintenance->handle(Object(Illuminate/Http/Request), Object(Closure))
#81 C:/xampp/htdocs/project/vendor/laravel/framework/src/Illuminate/Http/Middleware/HandleCors.php(49): Illuminate/Pipeline/Pipeline->{closure:{closure:Illuminate/Pipeline/Pipeline::carry():184}:185}(Object(Illuminate/Http/Request))
#82 C:/xampp/htdocs/project/vendor/laravel/framework/src/Illuminate/Pipeline/Pipeline.php(209): Illuminate/Http/Middleware/HandleCors->handle(Object(Illuminate/Http/Request), Object(Closure))
#83 C:/xampp/htdocs/project/vendor/laravel/framework/src/Illuminate/Http/Middleware/TrustProxies.php(58): Illuminate/Pipeline/Pipeline->{closure:{closure:Illuminate/Pipeline/Pipeline::carry():184}:185}(Object(Illuminate/Http/Request))
#84 C:/xampp/htdocs/project/vendor/laravel/framework/src/Illuminate/Pipeline/Pipeline.php(209): Illuminate/Http/Middleware/TrustProxies->handle(Object(Illuminate/Http/Request), Object(Closure))
#85 C:/xampp/htdocs/project/vendor/laravel/framework/src/Illuminate/Foundation/Http/Middleware/InvokeDeferredCallbacks.php(22): Illuminate/Pipeline/Pipeline->{closure:{closure:Illuminate/Pipeline/Pipeline::carry():184}:185}(Object(Illuminate/Http/Request))
#86 C:/xampp/htdocs/project/vendor/laravel/framework/src/Illuminate/Pipeline/Pipeline.php(209): Illuminate/Foundation/Http/Middleware/InvokeDeferredCallbacks->handle(Object(Illuminate/Http/Request), Object(Closure))
#87 C:/xampp/htdocs/project/vendor/laravel/framework/src/Illuminate/Pipeline/Pipeline.php(127): Illuminate/Pipeline/Pipeline->{closure:{closure:Illuminate/Pipeline/Pipeline::carry():184}:185}(Object(Illuminate/Http/Request))
#88 C:/xampp/htdocs/project/vendor/laravel/framework/src/Illuminate/Foundation/Http/Kernel.php(176): Illuminate/Pipeline/Pipeline->then(Object(Closure))
#89 C:/xampp/htdocs/project/vendor/laravel/framework/src/Illuminate/Foundation/Http/Kernel.php(145): Illuminate/Foundation/Http/Kernel->sendRequestThroughRouter(Object(Illuminate/Http/Request))
#90 C:/xampp/htdocs/project/vendor/laravel/framework/src/Illuminate/Foundation/Application.php(1220): Illuminate/Foundation/Http/Kernel->handle(Object(Illuminate/Http/Request))
#91 C:/xampp/htdocs/project/public/index.php(17): Illuminate/Foundation/Application->handleRequest(Object(Illuminate/Http/Request))
#92 C:/xampp/htdocs/project/vendor/laravel/framework/src/Illuminate/Foundation/resources/server.php(23): require_once('C://xampp//htdocs...')
#93 {main}

[previous exception] [object] (Illuminate\\View\\ViewException(code: 0): There is no permission named `manage-users` for guard `admin`. (View: C:\\xampp\\htdocs\\project\\resources\\views\\filament\\product-shell.blade.php) at C:/xampp/htdocs/project/vendor/spatie/laravel-permission/src/Exceptions/PermissionDoesNotExist.php:11)
[stacktrace]
#0 C:/xampp/htdocs/project/vendor/livewire/livewire/src/Mechanisms/ExtendBlade/ExtendedCompilerEngine.php(58): Illuminate/View/Engines/CompilerEngine->handleViewException(Object(Spatie/Permission/Exceptions/PermissionDoesNotExist), 4)
#1 C:/xampp/htdocs/project/vendor/laravel/framework/src/Illuminate/View/Engines/PhpEngine.php(60): Livewire/Mechanisms/ExtendBlade/ExtendedCompilerEngine->handleViewException(Object(Spatie/Permission/Exceptions/PermissionDoesNotExist), 4)
#2 C:/xampp/htdocs/project/vendor/livewire/livewire/src/Mechanisms/ExtendBlade/ExtendedCompilerEngine.php(22): Illuminate/View/Engines/PhpEngine->evaluatePath('C://xampp//htdocs...', Array)
#3 C:/xampp/htdocs/project/vendor/laravel/framework/src/Illuminate/View/Engines/CompilerEngine.php(75): Livewire/Mechanisms/ExtendBlade/ExtendedCompilerEngine->evaluatePath('C://xampp//htdocs...', Array)
#4 C:/xampp/htdocs/project/vendor/livewire/livewire/src/Mechanisms/ExtendBlade/ExtendedCompilerEngine.php(10): Illuminate/View/Engines/CompilerEngine->get('C://xampp//htdocs...', Array)
#5 C:/xampp/htdocs/project/vendor/laravel/framework/src/Illuminate/View/View.php(209): Livewire/Mechanisms/ExtendBlade/ExtendedCompilerEngine->get('C://xampp//htdocs...', Array)
#6 C:/xampp/htdocs/project/vendor/laravel/framework/src/Illuminate/View/View.php(192): Illuminate/View/View->getContents()
#7 C:/xampp/htdocs/project/vendor/laravel/framework/src/Illuminate/View/View.php(161): Illuminate/View/View->renderContents()
#8 C:/xampp/htdocs/project/app/Providers/Filament/AdminPanelProvider.php(63): Illuminate/View/View->render()
#9 C:/xampp/htdocs/project/vendor/laravel/framework/src/Illuminate/Container/BoundMethod.php(36): App/Providers/Filament/AdminPanelProvider->{closure:App/Providers/Filament/AdminPanelProvider::panel():63}(Array)
#10 C:/xampp/htdocs/project/vendor/laravel/framework/src/Illuminate/Container/Util.php(43): Illuminate/Container/BoundMethod::{closure:Illuminate/Container/BoundMethod::call():35}()
#11 C:/xampp/htdocs/project/vendor/laravel/framework/src/Illuminate/Container/BoundMethod.php(83): Illuminate/Container/Util::unwrapIfClosure(Object(Closure))
#12 C:/xampp/htdocs/project/vendor/laravel/framework/src/Illuminate/Container/BoundMethod.php(35): Illuminate/Container/BoundMethod::callBoundMethod(Object(Illuminate/Foundation/Application), Object(Closure), Object(Closure))
#13 C:/xampp/htdocs/project/vendor/laravel/framework/src/Illuminate/Container/Container.php(696): Illuminate/Container/BoundMethod::call(Object(Illuminate/Foundation/Application), Object(Closure), Array, NULL)
#14 C:/xampp/htdocs/project/vendor/filament/support/src/View/ViewManager.php(58): Illuminate/Container/Container->call(Object(Closure), Array)
#15 [internal function]: Filament/Support/View/ViewManager->{closure:Filament/Support/View/ViewManager::renderHook():49}(Object(Closure))
#16 C:/xampp/htdocs/project/vendor/filament/support/src/View/ViewManager.php(61): array_map(Object(Closure), Array)
#17 C:/xampp/htdocs/project/vendor/laravel/framework/src/Illuminate/Support/Facades/Facade.php(361): Filament/Support/View/ViewManager->renderHook('panels::body.st...', Array)
#18 C:/xampp/htdocs/project/storage/framework/views/b9a03075fa59a9c6f0964c7dc0093f65.php(153): Illuminate/Support/Facades/Facade::__callStatic('renderHook', Array)
#19 C:/xampp/htdocs/project/vendor/laravel/framework/src/Illuminate/Filesystem/Filesystem.php(123): require('C://xampp//htdocs...')
#20 C:/xampp/htdocs/project/vendor/laravel/framework/src/Illuminate/Filesystem/Filesystem.php(124): Illuminate/Filesystem/Filesystem::{closure:Illuminate/Filesystem/Filesystem::getRequire():120}()
#21 C:/xampp/htdocs/project/vendor/laravel/framework/src/Illuminate/View/Engines/PhpEngine.php(58): Illuminate/Filesystem/Filesystem->getRequire('C://xampp//htdocs...', Array)
#22 C:/xampp/htdocs/project/vendor/livewire/livewire/src/Mechanisms/ExtendBlade/ExtendedCompilerEngine.php(22): Illuminate/View/Engines/PhpEngine->evaluatePath('C://xampp//htdocs...', Array)
#23 C:/xampp/htdocs/project/vendor/laravel/framework/src/Illuminate/View/Engines/CompilerEngine.php(75): Livewire/Mechanisms/ExtendBlade/ExtendedCompilerEngine->evaluatePath('C://xampp//htdocs...', Array)
#24 C:/xampp/htdocs/project/vendor/livewire/livewire/src/Mechanisms/ExtendBlade/ExtendedCompilerEngine.php(10): Illuminate/View/Engines/CompilerEngine->get('C://xampp//htdocs...', Array)
#25 C:/xampp/htdocs/project/vendor/laravel/framework/src/Illuminate/View/View.php(209): Livewire/Mechanisms/ExtendBlade/ExtendedCompilerEngine->get('C://xampp//htdocs...', Array)
#26 C:/xampp/htdocs/project/vendor/laravel/framework/src/Illuminate/View/View.php(192): Illuminate/View/View->getContents()
#27 C:/xampp/htdocs/project/vendor/laravel/framework/src/Illuminate/View/View.php(161): Illuminate/View/View->renderContents()
#28 C:/xampp/htdocs/project/vendor/laravel/framework/src/Illuminate/View/Concerns/ManagesComponents.php(103): Illuminate/View/View->render()
#29 C:/xampp/htdocs/project/storage/framework/views/7aa74f4c920360b673ff40f864b9a13e.php(196): Illuminate/View/Factory->renderComponent()
#30 C:/xampp/htdocs/project/vendor/laravel/framework/src/Illuminate/Filesystem/Filesystem.php(123): require('C://xampp//htdocs...')
#31 C:/xampp/htdocs/project/vendor/laravel/framework/src/Illuminate/Filesystem/Filesystem.php(124): Illuminate/Filesystem/Filesystem::{closure:Illuminate/Filesystem/Filesystem::getRequire():120}()
#32 C:/xampp/htdocs/project/vendor/laravel/framework/src/Illuminate/View/Engines/PhpEngine.php(58): Illuminate/Filesystem/Filesystem->getRequire('C://xampp//htdocs...', Array)
#33 C:/xampp/htdocs/project/vendor/livewire/livewire/src/Mechanisms/ExtendBlade/ExtendedCompilerEngine.php(22): Illuminate/View/Engines/PhpEngine->evaluatePath('C://xampp//htdocs...', Array)
#34 C:/xampp/htdocs/project/vendor/laravel/framework/src/Illuminate/View/Engines/CompilerEngine.php(75): Livewire/Mechanisms/ExtendBlade/ExtendedCompilerEngine->evaluatePath('C://xampp//htdocs...', Array)
#35 C:/xampp/htdocs/project/vendor/livewire/livewire/src/Mechanisms/ExtendBlade/ExtendedCompilerEngine.php(10): Illuminate/View/Engines/CompilerEngine->get('C://xampp//htdocs...', Array)
#36 C:/xampp/htdocs/project/vendor/laravel/framework/src/Illuminate/View/View.php(209): Livewire/Mechanisms/ExtendBlade/ExtendedCompilerEngine->get('C://xampp//htdocs...', Array)
#37 C:/xampp/htdocs/project/vendor/laravel/framework/src/Illuminate/View/View.php(192): Illuminate/View/View->getContents()
#38 C:/xampp/htdocs/project/vendor/laravel/framework/src/Illuminate/View/View.php(161): Illuminate/View/View->renderContents()
#39 C:/xampp/htdocs/project/vendor/laravel/framework/src/Illuminate/View/Concerns/ManagesComponents.php(103): Illuminate/View/View->render()
#40 C:/xampp/htdocs/project/storage/framework/views/c288f4e86b881911a833426779329871.php(17): Illuminate/View/Factory->renderComponent()
#41 C:/xampp/htdocs/project/vendor/laravel/framework/src/Illuminate/Filesystem/Filesystem.php(123): require('C://xampp//htdocs...')
#42 C:/xampp/htdocs/project/vendor/laravel/framework/src/Illuminate/Filesystem/Filesystem.php(124): Illuminate/Filesystem/Filesystem::{closure:Illuminate/Filesystem/Filesystem::getRequire():120}()
#43 C:/xampp/htdocs/project/vendor/laravel/framework/src/Illuminate/View/Engines/PhpEngine.php(58): Illuminate/Filesystem/Filesystem->getRequire('C://xampp//htdocs...', Array)
#44 C:/xampp/htdocs/project/vendor/livewire/livewire/src/Mechanisms/ExtendBlade/ExtendedCompilerEngine.php(22): Illuminate/View/Engines/PhpEngine->evaluatePath('C://xampp//htdocs...', Array)
#45 C:/xampp/htdocs/project/vendor/laravel/framework/src/Illuminate/View/Engines/CompilerEngine.php(75): Livewire/Mechanisms/ExtendBlade/ExtendedCompilerEngine->evaluatePath('C://xampp//htdocs...', Array)
#46 C:/xampp/htdocs/project/vendor/livewire/livewire/src/Mechanisms/ExtendBlade/ExtendedCompilerEngine.php(10): Illuminate/View/Engines/CompilerEngine->get('C://xampp//htdocs...', Array)
#47 C:/xampp/htdocs/project/vendor/laravel/framework/src/Illuminate/View/View.php(209): Livewire/Mechanisms/ExtendBlade/ExtendedCompilerEngine->get('C://xampp//htdocs...', Array)
#48 C:/xampp/htdocs/project/vendor/laravel/framework/src/Illuminate/View/View.php(192): Illuminate/View/View->getContents()
#49 C:/xampp/htdocs/project/vendor/laravel/framework/src/Illuminate/View/View.php(161): Illuminate/View/View->renderContents()
#50 C:/xampp/htdocs/project/vendor/laravel/framework/src/Illuminate/View/Compilers/BladeCompiler.php(337): Illuminate/View/View->render()
#51 C:/xampp/htdocs/project/vendor/laravel/framework/src/Illuminate/Support/Facades/Facade.php(361): Illuminate/View/Compilers/BladeCompiler::render('    <?php $layo...', Array)
#52 C:/xampp/htdocs/project/vendor/livewire/livewire/src/Features/SupportPageComponents/SupportPageComponents.php(153): Illuminate/Support/Facades/Facade::__callStatic('render', Array)
#53 C:/xampp/htdocs/project/vendor/livewire/livewire/src/Features/SupportPageComponents/HandlesPageComponents.php(24): Livewire/Features/SupportPageComponents/SupportPageComponents::renderContentsIntoLayout('<div wire:snaps...', Object(Livewire/Features/SupportPageComponents/PageComponentConfig))
#54 C:/xampp/htdocs/project/vendor/laravel/framework/src/Illuminate/Routing/ControllerDispatcher.php(47): Livewire/Component->__invoke()
#55 C:/xampp/htdocs/project/vendor/laravel/framework/src/Illuminate/Routing/Route.php(266): Illuminate/Routing/ControllerDispatcher->dispatch(Object(Illuminate/Routing/Route), Object(App/Filament/Pages/Attendance), '__invoke')
#56 C:/xampp/htdocs/project/vendor/laravel/framework/src/Illuminate/Routing/Route.php(212): Illuminate/Routing/Route->runController()
#57 C:/xampp/htdocs/project/vendor/laravel/framework/src/Illuminate/Routing/Router.php(808): Illuminate/Routing/Route->run()
#58 C:/xampp/htdocs/project/vendor/laravel/framework/src/Illuminate/Pipeline/Pipeline.php(170): Illuminate/Routing/Router->{closure:Illuminate/Routing/Router::runRouteWithinStack():807}(Object(Illuminate/Http/Request))
#59 C:/xampp/htdocs/project/vendor/filament/filament/src/Http/Middleware/DispatchServingFilamentEvent.php(15): Illuminate/Pipeline/Pipeline->{closure:Illuminate/Pipeline/Pipeline::prepareDestination():168}(Object(Illuminate/Http/Request))
#60 C:/xampp/htdocs/project/vendor/laravel/framework/src/Illuminate/Pipeline/Pipeline.php(209): Filament/Http/Middleware/DispatchServingFilamentEvent->handle(Object(Illuminate/Http/Request), Object(Closure))
#61 C:/xampp/htdocs/project/vendor/filament/filament/src/Http/Middleware/DisableBladeIconComponents.php(14): Illuminate/Pipeline/Pipeline->{closure:{closure:Illuminate/Pipeline/Pipeline::carry():184}:185}(Object(Illuminate/Http/Request))
#62 C:/xampp/htdocs/project/vendor/laravel/framework/src/Illuminate/Pipeline/Pipeline.php(209): Filament/Http/Middleware/DisableBladeIconComponents->handle(Object(Illuminate/Http/Request), Object(Closure))
#63 C:/xampp/htdocs/project/vendor/laravel/framework/src/Illuminate/Routing/Middleware/SubstituteBindings.php(51): Illuminate/Pipeline/Pipeline->{closure:{closure:Illuminate/Pipeline/Pipeline::carry():184}:185}(Object(Illuminate/Http/Request))
#64 C:/xampp/htdocs/project/vendor/laravel/framework/src/Illuminate/Pipeline/Pipeline.php(209): Illuminate/Routing/Middleware/SubstituteBindings->handle(Object(Illuminate/Http/Request), Object(Closure))
#65 C:/xampp/htdocs/project/vendor/laravel/framework/src/Illuminate/Foundation/Http/Middleware/VerifyCsrfToken.php(88): Illuminate/Pipeline/Pipeline->{closure:{closure:Illuminate/Pipeline/Pipeline::carry():184}:185}(Object(Illuminate/Http/Request))
#66 C:/xampp/htdocs/project/vendor/laravel/framework/src/Illuminate/Pipeline/Pipeline.php(209): Illuminate/Foundation/Http/Middleware/VerifyCsrfToken->handle(Object(Illuminate/Http/Request), Object(Closure))
#67 C:/xampp/htdocs/project/vendor/laravel/framework/src/Illuminate/Session/Middleware/AuthenticateSession.php(67): Illuminate/Pipeline/Pipeline->{closure:{closure:Illuminate/Pipeline/Pipeline::carry():184}:185}(Object(Illuminate/Http/Request))
#68 C:/xampp/htdocs/project/vendor/laravel/framework/src/Illuminate/Pipeline/Pipeline.php(209): Illuminate/Session/Middleware/AuthenticateSession->handle(Object(Illuminate/Http/Request), Object(Closure))
#69 C:/xampp/htdocs/project/vendor/laravel/framework/src/Illuminate/Auth/Middleware/Authenticate.php(64): Illuminate/Pipeline/Pipeline->{closure:{closure:Illuminate/Pipeline/Pipeline::carry():184}:185}(Object(Illuminate/Http/Request))
#70 C:/xampp/htdocs/project/vendor/laravel/framework/src/Illuminate/Pipeline/Pipeline.php(209): Illuminate/Auth/Middleware/Authenticate->handle(Object(Illuminate/Http/Request), Object(Closure))
#71 C:/xampp/htdocs/project/vendor/laravel/framework/src/Illuminate/View/Middleware/ShareErrorsFromSession.php(49): Illuminate/Pipeline/Pipeline->{closure:{closure:Illuminate/Pipeline/Pipeline::carry():184}:185}(Object(Illuminate/Http/Request))
#72 C:/xampp/htdocs/project/vendor/laravel/framework/src/Illuminate/Pipeline/Pipeline.php(209): Illuminate/View/Middleware/ShareErrorsFromSession->handle(Object(Illuminate/Http/Request), Object(Closure))
#73 C:/xampp/htdocs/project/vendor/laravel/framework/src/Illuminate/Session/Middleware/StartSession.php(121): Illuminate/Pipeline/Pipeline->{closure:{closure:Illuminate/Pipeline/Pipeline::carry():184}:185}(Object(Illuminate/Http/Request))
#74 C:/xampp/htdocs/project/vendor/laravel/framework/src/Illuminate/Session/Middleware/StartSession.php(64): Illuminate/Session/Middleware/StartSession->handleStatefulRequest(Object(Illuminate/Http/Request), Object(Illuminate/Session/Store), Object(Closure))
#75 C:/xampp/htdocs/project/vendor/laravel/framework/src/Illuminate/Pipeline/Pipeline.php(209): Illuminate/Session/Middleware/StartSession->handle(Object(Illuminate/Http/Request), Object(Closure))
#76 C:/xampp/htdocs/project/vendor/laravel/framework/src/Illuminate/Cookie/Middleware/AddQueuedCookiesToResponse.php(37): Illuminate/Pipeline/Pipeline->{closure:{closure:Illuminate/Pipeline/Pipeline::carry():184}:185}(Object(Illuminate/Http/Request))
#77 C:/xampp/htdocs/project/vendor/laravel/framework/src/Illuminate/Pipeline/Pipeline.php(209): Illuminate/Cookie/Middleware/AddQueuedCookiesToResponse->handle(Object(Illuminate/Http/Request), Object(Closure))
#78 C:/xampp/htdocs/project/vendor/laravel/framework/src/Illuminate/Cookie/Middleware/EncryptCookies.php(75): Illuminate/Pipeline/Pipeline->{closure:{closure:Illuminate/Pipeline/Pipeline::carry():184}:185}(Object(Illuminate/Http/Request))
#79 C:/xampp/htdocs/project/vendor/laravel/framework/src/Illuminate/Pipeline/Pipeline.php(209): Illuminate/Cookie/Middleware/EncryptCookies->handle(Object(Illuminate/Http/Request), Object(Closure))
#80 C:/xampp/htdocs/project/vendor/filament/filament/src/Http/Middleware/SetUpPanel.php(19): Illuminate/Pipeline/Pipeline->{closure:{closure:Illuminate/Pipeline/Pipeline::carry():184}:185}(Object(Illuminate/Http/Request))
#81 C:/xampp/htdocs/project/vendor/laravel/framework/src/Illuminate/Pipeline/Pipeline.php(209): Filament/Http/Middleware/SetUpPanel->handle(Object(Illuminate/Http/Request), Object(Closure), Object(Filament/Panel))
#82 C:/xampp/htdocs/project/vendor/laravel/framework/src/Illuminate/Pipeline/Pipeline.php(127): Illuminate/Pipeline/Pipeline->{closure:{closure:Illuminate/Pipeline/Pipeline::carry():184}:185}(Object(Illuminate/Http/Request))
#83 C:/xampp/htdocs/project/vendor/laravel/framework/src/Illuminate/Routing/Router.php(807): Illuminate/Pipeline/Pipeline->then(Object(Closure))
#84 C:/xampp/htdocs/project/vendor/laravel/framework/src/Illuminate/Routing/Router.php(786): Illuminate/Routing/Router->runRouteWithinStack(Object(Illuminate/Routing/Route), Object(Illuminate/Http/Request))
#85 C:/xampp/htdocs/project/vendor/laravel/framework/src/Illuminate/Routing/Router.php(750): Illuminate/Routing/Router->runRoute(Object(Illuminate/Http/Request), Object(Illuminate/Routing/Route))
#86 C:/xampp/htdocs/project/vendor/laravel/framework/src/Illuminate/Routing/Router.php(739): Illuminate/Routing/Router->dispatchToRoute(Object(Illuminate/Http/Request))
#87 C:/xampp/htdocs/project/vendor/laravel/framework/src/Illuminate/Foundation/Http/Kernel.php(201): Illuminate/Routing/Router->dispatch(Object(Illuminate/Http/Request))
#88 C:/xampp/htdocs/project/vendor/laravel/framework/src/Illuminate/Pipeline/Pipeline.php(170): Illuminate/Foundation/Http/Kernel->{closure:Illuminate/Foundation/Http/Kernel::dispatchToRouter():198}(Object(Illuminate/Http/Request))
#89 C:/xampp/htdocs/project/vendor/livewire/livewire/src/Features/SupportDisablingBackButtonCache/DisableBackButtonCacheMiddleware.php(19): Illuminate/Pipeline/Pipeline->{closure:Illuminate/Pipeline/Pipeline::prepareDestination():168}(Object(Illuminate/Http/Request))
#90 C:/xampp/htdocs/project/vendor/laravel/framework/src/Illuminate/Pipeline/Pipeline.php(209): Livewire/Features/SupportDisablingBackButtonCache/DisableBackButtonCacheMiddleware->handle(Object(Illuminate/Http/Request), Object(Closure))
#91 C:/xampp/htdocs/project/vendor/laravel/framework/src/Illuminate/Foundation/Http/Middleware/TransformsRequest.php(21): Illuminate/Pipeline/Pipeline->{closure:{closure:Illuminate/Pipeline/Pipeline::carry():184}:185}(Object(Illuminate/Http/Request))
#92 C:/xampp/htdocs/project/vendor/laravel/framework/src/Illuminate/Foundation/Http/Middleware/ConvertEmptyStringsToNull.php(31): Illuminate/Foundation/Http/Middleware/TransformsRequest->handle(Object(Illuminate/Http/Request), Object(Closure))
#93 C:/xampp/htdocs/project/vendor/laravel/framework/src/Illuminate/Pipeline/Pipeline.php(209): Illuminate/Foundation/Http/Middleware/ConvertEmptyStringsToNull->handle(Object(Illuminate/Http/Request), Object(Closure))
#94 C:/xampp/htdocs/project/vendor/laravel/framework/src/Illuminate/Foundation/Http/Middleware/TransformsRequest.php(21): Illuminate/Pipeline/Pipeline->{closure:{closure:Illuminate/Pipeline/Pipeline::carry():184}:185}(Object(Illuminate/Http/Request))
#95 C:/xampp/htdocs/project/vendor/laravel/framework/src/Illuminate/Foundation/Http/Middleware/TrimStrings.php(51): Illuminate/Foundation/Http/Middleware/TransformsRequest->handle(Object(Illuminate/Http/Request), Object(Closure))
#96 C:/xampp/htdocs/project/vendor/laravel/framework/src/Illuminate/Pipeline/Pipeline.php(209): Illuminate/Foundation/Http/Middleware/TrimStrings->handle(Object(Illuminate/Http/Request), Object(Closure))
#97 C:/xampp/htdocs/project/vendor/laravel/framework/src/Illuminate/Http/Middleware/ValidatePostSize.php(27): Illuminate/Pipeline/Pipeline->{closure:{closure:Illuminate/Pipeline/Pipeline::carry():184}:185}(Object(Illuminate/Http/Request))
#98 C:/xampp/htdocs/project/vendor/laravel/framework/src/Illuminate/Pipeline/Pipeline.php(209): Illuminate/Http/Middleware/ValidatePostSize->handle(Object(Illuminate/Http/Request), Object(Closure))
#99 C:/xampp/htdocs/project/vendor/laravel/framework/src/Illuminate/Foundation/Http/Middleware/PreventRequestsDuringMaintenance.php(110): Illuminate/Pipeline/Pipeline->{closure:{closure:Illuminate/Pipeline/Pipeline::carry():184}:185}(Object(Illuminate/Http/Request))
#100 C:/xampp/htdocs/project/vendor/laravel/framework/src/Illuminate/Pipeline/Pipeline.php(209): Illuminate/Foundation/Http/Middleware/PreventRequestsDuringMaintenance->handle(Object(Illuminate/Http/Request), Object(Closure))
#101 C:/xampp/htdocs/project/vendor/laravel/framework/src/Illuminate/Http/Middleware/HandleCors.php(49): Illuminate/Pipeline/Pipeline->{closure:{closure:Illuminate/Pipeline/Pipeline::carry():184}:185}(Object(Illuminate/Http/Request))
#102 C:/xampp/htdocs/project/vendor/laravel/framework/src/Illuminate/Pipeline/Pipeline.php(209): Illuminate/Http/Middleware/HandleCors->handle(Object(Illuminate/Http/Request), Object(Closure))
#103 C:/xampp/htdocs/project/vendor/laravel/framework/src/Illuminate/Http/Middleware/TrustProxies.php(58): Illuminate/Pipeline/Pipeline->{closure:{closure:Illuminate/Pipeline/Pipeline::carry():184}:185}(Object(Illuminate/Http/Request))
#104 C:/xampp/htdocs/project/vendor/laravel/framework/src/Illuminate/Pipeline/Pipeline.php(209): Illuminate/Http/Middleware/TrustProxies->handle(Object(Illuminate/Http/Request), Object(Closure))
#105 C:/xampp/htdocs/project/vendor/laravel/framework/src/Illuminate/Foundation/Http/Middleware/InvokeDeferredCallbacks.php(22): Illuminate/Pipeline/Pipeline->{closure:{closure:Illuminate/Pipeline/Pipeline::carry():184}:185}(Object(Illuminate/Http/Request))
#106 C:/xampp/htdocs/project/vendor/laravel/framework/src/Illuminate/Pipeline/Pipeline.php(209): Illuminate/Foundation/Http/Middleware/InvokeDeferredCallbacks->handle(Object(Illuminate/Http/Request), Object(Closure))
#107 C:/xampp/htdocs/project/vendor/laravel/framework/src/Illuminate/Pipeline/Pipeline.php(127): Illuminate/Pipeline/Pipeline->{closure:{closure:Illuminate/Pipeline/Pipeline::carry():184}:185}(Object(Illuminate/Http/Request))
#108 C:/xampp/htdocs/project/vendor/laravel/framework/src/Illuminate/Foundation/Http/Kernel.php(176): Illuminate/Pipeline/Pipeline->then(Object(Closure))
#109 C:/xampp/htdocs/project/vendor/laravel/framework/src/Illuminate/Foundation/Http/Kernel.php(145): Illuminate/Foundation/Http/Kernel->sendRequestThroughRouter(Object(Illuminate/Http/Request))
#110 C:/xampp/htdocs/project/vendor/laravel/framework/src/Illuminate/Foundation/Application.php(1220): Illuminate/Foundation/Http/Kernel->handle(Object(Illuminate/Http/Request))
#111 C:/xampp/htdocs/project/public/index.php(17): Illuminate/Foundation/Application->handleRequest(Object(Illuminate/Http/Request))
#112 C:/xampp/htdocs/project/vendor/laravel/framework/src/Illuminate/Foundation/resources/server.php(23): require_once('C://xampp//htdocs...')
#113 {main}

[previous exception] [object] (Spatie\\Permission\\Exceptions\\PermissionDoesNotExist(code: 0): There is no permission named `manage-users` for guard `admin`. at C:/xampp/htdocs/project/vendor/spatie/laravel-permission/src/Exceptions/PermissionDoesNotExist.php:11)
[stacktrace]
#0 C:/xampp/htdocs/project/vendor/spatie/laravel-permission/src/Models/Permission.php(97): Spatie/Permission/Exceptions/PermissionDoesNotExist::create('manage-users', 'admin')
#1 C:/xampp/htdocs/project/vendor/spatie/laravel-permission/src/Traits/HasPermissions.php(188): Spatie/Permission/Models/Permission::findByName('manage-users', 'admin')
#2 C:/xampp/htdocs/project/vendor/spatie/laravel-permission/src/Traits/HasPermissions.php(215): App/Models/User->filterPermission('manage-users', NULL)
#3 C:/xampp/htdocs/project/storage/framework/views/2edf5a98c9b4cd73792ab38f6a68df55.php(33): App/Models/User->hasPermissionTo('manage-users')
#4 C:/xampp/htdocs/project/vendor/laravel/framework/src/Illuminate/Filesystem/Filesystem.php(123): require('C://xampp//htdocs...')
#5 C:/xampp/htdocs/project/vendor/laravel/framework/src/Illuminate/Filesystem/Filesystem.php(124): Illuminate/Filesystem/Filesystem::{closure:Illuminate/Filesystem/Filesystem::getRequire():120}()
#6 C:/xampp/htdocs/project/vendor/laravel/framework/src/Illuminate/View/Engines/PhpEngine.php(58): Illuminate/Filesystem/Filesystem->getRequire('C://xampp//htdocs...', Array)
#7 C:/xampp/htdocs/project/vendor/livewire/livewire/src/Mechanisms/ExtendBlade/ExtendedCompilerEngine.php(22): Illuminate/View/Engines/PhpEngine->evaluatePath('C://xampp//htdocs...', Array)
#8 C:/xampp/htdocs/project/vendor/laravel/framework/src/Illuminate/View/Engines/CompilerEngine.php(75): Livewire/Mechanisms/ExtendBlade/ExtendedCompilerEngine->evaluatePath('C://xampp//htdocs...', Array)
#9 C:/xampp/htdocs/project/vendor/livewire/livewire/src/Mechanisms/ExtendBlade/ExtendedCompilerEngine.php(10): Illuminate/View/Engines/CompilerEngine->get('C://xampp//htdocs...', Array)
#10 C:/xampp/htdocs/project/vendor/laravel/framework/src/Illuminate/View/View.php(209): Livewire/Mechanisms/ExtendBlade/ExtendedCompilerEngine->get('C://xampp//htdocs...', Array)
#11 C:/xampp/htdocs/project/vendor/laravel/framework/src/Illuminate/View/View.php(192): Illuminate/View/View->getContents()
#12 C:/xampp/htdocs/project/vendor/laravel/framework/src/Illuminate/View/View.php(161): Illuminate/View/View->renderContents()
#13 C:/xampp/htdocs/project/app/Providers/Filament/AdminPanelProvider.php(63): Illuminate/View/View->render()
#14 C:/xampp/htdocs/project/vendor/laravel/framework/src/Illuminate/Container/BoundMethod.php(36): App/Providers/Filament/AdminPanelProvider->{closure:App/Providers/Filament/AdminPanelProvider::panel():63}(Array)
#15 C:/xampp/htdocs/project/vendor/laravel/framework/src/Illuminate/Container/Util.php(43): Illuminate/Container/BoundMethod::{closure:Illuminate/Container/BoundMethod::call():35}()
#16 C:/xampp/htdocs/project/vendor/laravel/framework/src/Illuminate/Container/BoundMethod.php(83): Illuminate/Container/Util::unwrapIfClosure(Object(Closure))
#17 C:/xampp/htdocs/project/vendor/laravel/framework/src/Illuminate/Container/BoundMethod.php(35): Illuminate/Container/BoundMethod::callBoundMethod(Object(Illuminate/Foundation/Application), Object(Closure), Object(Closure))
#18 C:/xampp/htdocs/project/vendor/laravel/framework/src/Illuminate/Container/Container.php(696): Illuminate/Container/BoundMethod::call(Object(Illuminate/Foundation/Application), Object(Closure), Array, NULL)
#19 C:/xampp/htdocs/project/vendor/filament/support/src/View/ViewManager.php(58): Illuminate/Container/Container->call(Object(Closure), Array)
#20 [internal function]: Filament/Support/View/ViewManager->{closure:Filament/Support/View/ViewManager::renderHook():49}(Object(Closure))
#21 C:/xampp/htdocs/project/vendor/filament/support/src/View/ViewManager.php(61): array_map(Object(Closure), Array)
#22 C:/xampp/htdocs/project/vendor/laravel/framework/src/Illuminate/Support/Facades/Facade.php(361): Filament/Support/View/ViewManager->renderHook('panels::body.st...', Array)
#23 C:/xampp/htdocs/project/storage/framework/views/b9a03075fa59a9c6f0964c7dc0093f65.php(153): Illuminate/Support/Facades/Facade::__callStatic('renderHook', Array)
#24 C:/xampp/htdocs/project/vendor/laravel/framework/src/Illuminate/Filesystem/Filesystem.php(123): require('C://xampp//htdocs...')
#25 C:/xampp/htdocs/project/vendor/laravel/framework/src/Illuminate/Filesystem/Filesystem.php(124): Illuminate/Filesystem/Filesystem::{closure:Illuminate/Filesystem/Filesystem::getRequire():120}()
#26 C:/xampp/htdocs/project/vendor/laravel/framework/src/Illuminate/View/Engines/PhpEngine.php(58): Illuminate/Filesystem/Filesystem->getRequire('C://xampp//htdocs...', Array)
#27 C:/xampp/htdocs/project/vendor/livewire/livewire/src/Mechanisms/ExtendBlade/ExtendedCompilerEngine.php(22): Illuminate/View/Engines/PhpEngine->evaluatePath('C://xampp//htdocs...', Array)
#28 C:/xampp/htdocs/project/vendor/laravel/framework/src/Illuminate/View/Engines/CompilerEngine.php(75): Livewire/Mechanisms/ExtendBlade/ExtendedCompilerEngine->evaluatePath('C://xampp//htdocs...', Array)
#29 C:/xampp/htdocs/project/vendor/livewire/livewire/src/Mechanisms/ExtendBlade/ExtendedCompilerEngine.php(10): Illuminate/View/Engines/CompilerEngine->get('C://xampp//htdocs...', Array)
#30 C:/xampp/htdocs/project/vendor/laravel/framework/src/Illuminate/View/View.php(209): Livewire/Mechanisms/ExtendBlade/ExtendedCompilerEngine->get('C://xampp//htdocs...', Array)
#31 C:/xampp/htdocs/project/vendor/laravel/framework/src/Illuminate/View/View.php(192): Illuminate/View/View->getContents()
#32 C:/xampp/htdocs/project/vendor/laravel/framework/src/Illuminate/View/View.php(161): Illuminate/View/View->renderContents()
#33 C:/xampp/htdocs/project/vendor/laravel/framework/src/Illuminate/View/Concerns/ManagesComponents.php(103): Illuminate/View/View->render()
#34 C:/xampp/htdocs/project/storage/framework/views/7aa74f4c920360b673ff40f864b9a13e.php(196): Illuminate/View/Factory->renderComponent()
#35 C:/xampp/htdocs/project/vendor/laravel/framework/src/Illuminate/Filesystem/Filesystem.php(123): require('C://xampp//htdocs...')
#36 C:/xampp/htdocs/project/vendor/laravel/framework/src/Illuminate/Filesystem/Filesystem.php(124): Illuminate/Filesystem/Filesystem::{closure:Illuminate/Filesystem/Filesystem::getRequire():120}()
#37 C:/xampp/htdocs/project/vendor/laravel/framework/src/Illuminate/View/Engines/PhpEngine.php(58): Illuminate/Filesystem/Filesystem->getRequire('C://xampp//htdocs...', Array)
#38 C:/xampp/htdocs/project/vendor/livewire/livewire/src/Mechanisms/ExtendBlade/ExtendedCompilerEngine.php(22): Illuminate/View/Engines/PhpEngine->evaluatePath('C://xampp//htdocs...', Array)
#39 C:/xampp/htdocs/project/vendor/laravel/framework/src/Illuminate/View/Engines/CompilerEngine.php(75): Livewire/Mechanisms/ExtendBlade/ExtendedCompilerEngine->evaluatePath('C://xampp//htdocs...', Array)
#40 C:/xampp/htdocs/project/vendor/livewire/livewire/src/Mechanisms/ExtendBlade/ExtendedCompilerEngine.php(10): Illuminate/View/Engines/CompilerEngine->get('C://xampp//htdocs...', Array)
#41 C:/xampp/htdocs/project/vendor/laravel/framework/src/Illuminate/View/View.php(209): Livewire/Mechanisms/ExtendBlade/ExtendedCompilerEngine->get('C://xampp//htdocs...', Array)
#42 C:/xampp/htdocs/project/vendor/laravel/framework/src/Illuminate/View/View.php(192): Illuminate/View/View->getContents()
#43 C:/xampp/htdocs/project/vendor/laravel/framework/src/Illuminate/View/View.php(161): Illuminate/View/View->renderContents()
#44 C:/xampp/htdocs/project/vendor/laravel/framework/src/Illuminate/View/Concerns/ManagesComponents.php(103): Illuminate/View/View->render()
#45 C:/xampp/htdocs/project/storage/framework/views/c288f4e86b881911a833426779329871.php(17): Illuminate/View/Factory->renderComponent()
#46 C:/xampp/htdocs/project/vendor/laravel/framework/src/Illuminate/Filesystem/Filesystem.php(123): require('C://xampp//htdocs...')
#47 C:/xampp/htdocs/project/vendor/laravel/framework/src/Illuminate/Filesystem/Filesystem.php(124): Illuminate/Filesystem/Filesystem::{closure:Illuminate/Filesystem/Filesystem::getRequire():120}()
#48 C:/xampp/htdocs/project/vendor/laravel/framework/src/Illuminate/View/Engines/PhpEngine.php(58): Illuminate/Filesystem/Filesystem->getRequire('C://xampp//htdocs...', Array)
#49 C:/xampp/htdocs/project/vendor/livewire/livewire/src/Mechanisms/ExtendBlade/ExtendedCompilerEngine.php(22): Illuminate/View/Engines/PhpEngine->evaluatePath('C://xampp//htdocs...', Array)
#50 C:/xampp/htdocs/project/vendor/laravel/framework/src/Illuminate/View/Engines/CompilerEngine.php(75): Livewire/Mechanisms/ExtendBlade/ExtendedCompilerEngine->evaluatePath('C://xampp//htdocs...', Array)
#51 C:/xampp/htdocs/project/vendor/livewire/livewire/src/Mechanisms/ExtendBlade/ExtendedCompilerEngine.php(10): Illuminate/View/Engines/CompilerEngine->get('C://xampp//htdocs...', Array)
#52 C:/xampp/htdocs/project/vendor/laravel/framework/src/Illuminate/View/View.php(209): Livewire/Mechanisms/ExtendBlade/ExtendedCompilerEngine->get('C://xampp//htdocs...', Array)
#53 C:/xampp/htdocs/project/vendor/laravel/framework/src/Illuminate/View/View.php(192): Illuminate/View/View->getContents()
#54 C:/xampp/htdocs/project/vendor/laravel/framework/src/Illuminate/View/View.php(161): Illuminate/View/View->renderContents()
#55 C:/xampp/htdocs/project/vendor/laravel/framework/src/Illuminate/View/Compilers/BladeCompiler.php(337): Illuminate/View/View->render()
#56 C:/xampp/htdocs/project/vendor/laravel/framework/src/Illuminate/Support/Facades/Facade.php(361): Illuminate/View/Compilers/BladeCompiler::render('    <?php $layo...', Array)
#57 C:/xampp/htdocs/project/vendor/livewire/livewire/src/Features/SupportPageComponents/SupportPageComponents.php(153): Illuminate/Support/Facades/Facade::__callStatic('render', Array)
#58 C:/xampp/htdocs/project/vendor/livewire/livewire/src/Features/SupportPageComponents/HandlesPageComponents.php(24): Livewire/Features/SupportPageComponents/SupportPageComponents::renderContentsIntoLayout('<div wire:snaps...', Object(Livewire/Features/SupportPageComponents/PageComponentConfig))
#59 C:/xampp/htdocs/project/vendor/laravel/framework/src/Illuminate/Routing/ControllerDispatcher.php(47): Livewire/Component->__invoke()
#60 C:/xampp/htdocs/project/vendor/laravel/framework/src/Illuminate/Routing/Route.php(266): Illuminate/Routing/ControllerDispatcher->dispatch(Object(Illuminate/Routing/Route), Object(App/Filament/Pages/Attendance), '__invoke')
#61 C:/xampp/htdocs/project/vendor/laravel/framework/src/Illuminate/Routing/Route.php(212): Illuminate/Routing/Route->runController()
#62 C:/xampp/htdocs/project/vendor/laravel/framework/src/Illuminate/Routing/Router.php(808): Illuminate/Routing/Route->run()
#63 C:/xampp/htdocs/project/vendor/laravel/framework/src/Illuminate/Pipeline/Pipeline.php(170): Illuminate/Routing/Router->{closure:Illuminate/Routing/Router::runRouteWithinStack():807}(Object(Illuminate/Http/Request))
#64 C:/xampp/htdocs/project/vendor/filament/filament/src/Http/Middleware/DispatchServingFilamentEvent.php(15): Illuminate/Pipeline/Pipeline->{closure:Illuminate/Pipeline/Pipeline::prepareDestination():168}(Object(Illuminate/Http/Request))
#65 C:/xampp/htdocs/project/vendor/laravel/framework/src/Illuminate/Pipeline/Pipeline.php(209): Filament/Http/Middleware/DispatchServingFilamentEvent->handle(Object(Illuminate/Http/Request), Object(Closure))
#66 C:/xampp/htdocs/project/vendor/filament/filament/src/Http/Middleware/DisableBladeIconComponents.php(14): Illuminate/Pipeline/Pipeline->{closure:{closure:Illuminate/Pipeline/Pipeline::carry():184}:185}(Object(Illuminate/Http/Request))
#67 C:/xampp/htdocs/project/vendor/laravel/framework/src/Illuminate/Pipeline/Pipeline.php(209): Filament/Http/Middleware/DisableBladeIconComponents->handle(Object(Illuminate/Http/Request), Object(Closure))
#68 C:/xampp/htdocs/project/vendor/laravel/framework/src/Illuminate/Routing/Middleware/SubstituteBindings.php(51): Illuminate/Pipeline/Pipeline->{closure:{closure:Illuminate/Pipeline/Pipeline::carry():184}:185}(Object(Illuminate/Http/Request))
#69 C:/xampp/htdocs/project/vendor/laravel/framework/src/Illuminate/Pipeline/Pipeline.php(209): Illuminate/Routing/Middleware/SubstituteBindings->handle(Object(Illuminate/Http/Request), Object(Closure))
#70 C:/xampp/htdocs/project/vendor/laravel/framework/src/Illuminate/Foundation/Http/Middleware/VerifyCsrfToken.php(88): Illuminate/Pipeline/Pipeline->{closure:{closure:Illuminate/Pipeline/Pipeline::carry():184}:185}(Object(Illuminate/Http/Request))
#71 C:/xampp/htdocs/project/vendor/laravel/framework/src/Illuminate/Pipeline/Pipeline.php(209): Illuminate/Foundation/Http/Middleware/VerifyCsrfToken->handle(Object(Illuminate/Http/Request), Object(Closure))
#72 C:/xampp/htdocs/project/vendor/laravel/framework/src/Illuminate/Session/Middleware/AuthenticateSession.php(67): Illuminate/Pipeline/Pipeline->{closure:{closure:Illuminate/Pipeline/Pipeline::carry():184}:185}(Object(Illuminate/Http/Request))
#73 C:/xampp/htdocs/project/vendor/laravel/framework/src/Illuminate/Pipeline/Pipeline.php(209): Illuminate/Session/Middleware/AuthenticateSession->handle(Object(Illuminate/Http/Request), Object(Closure))
#74 C:/xampp/htdocs/project/vendor/laravel/framework/src/Illuminate/Auth/Middleware/Authenticate.php(64): Illuminate/Pipeline/Pipeline->{closure:{closure:Illuminate/Pipeline/Pipeline::carry():184}:185}(Object(Illuminate/Http/Request))
#75 C:/xampp/htdocs/project/vendor/laravel/framework/src/Illuminate/Pipeline/Pipeline.php(209): Illuminate/Auth/Middleware/Authenticate->handle(Object(Illuminate/Http/Request), Object(Closure))
#76 C:/xampp/htdocs/project/vendor/laravel/framework/src/Illuminate/View/Middleware/ShareErrorsFromSession.php(49): Illuminate/Pipeline/Pipeline->{closure:{closure:Illuminate/Pipeline/Pipeline::carry():184}:185}(Object(Illuminate/Http/Request))
#77 C:/xampp/htdocs/project/vendor/laravel/framework/src/Illuminate/Pipeline/Pipeline.php(209): Illuminate/View/Middleware/ShareErrorsFromSession->handle(Object(Illuminate/Http/Request), Object(Closure))
#78 C:/xampp/htdocs/project/vendor/laravel/framework/src/Illuminate/Session/Middleware/StartSession.php(121): Illuminate/Pipeline/Pipeline->{closure:{closure:Illuminate/Pipeline/Pipeline::carry():184}:185}(Object(Illuminate/Http/Request))
#79 C:/xampp/htdocs/project/vendor/laravel/framework/src/Illuminate/Session/Middleware/StartSession.php(64): Illuminate/Session/Middleware/StartSession->handleStatefulRequest(Object(Illuminate/Http/Request), Object(Illuminate/Session/Store), Object(Closure))
#80 C:/xampp/htdocs/project/vendor/laravel/framework/src/Illuminate/Pipeline/Pipeline.php(209): Illuminate/Session/Middleware/StartSession->handle(Object(Illuminate/Http/Request), Object(Closure))
#81 C:/xampp/htdocs/project/vendor/laravel/framework/src/Illuminate/Cookie/Middleware/AddQueuedCookiesToResponse.php(37): Illuminate/Pipeline/Pipeline->{closure:{closure:Illuminate/Pipeline/Pipeline::carry():184}:185}(Object(Illuminate/Http/Request))
#82 C:/xampp/htdocs/project/vendor/laravel/framework/src/Illuminate/Pipeline/Pipeline.php(209): Illuminate/Cookie/Middleware/AddQueuedCookiesToResponse->handle(Object(Illuminate/Http/Request), Object(Closure))
#83 C:/xampp/htdocs/project/vendor/laravel/framework/src/Illuminate/Cookie/Middleware/EncryptCookies.php(75): Illuminate/Pipeline/Pipeline->{closure:{closure:Illuminate/Pipeline/Pipeline::carry():184}:185}(Object(Illuminate/Http/Request))
#84 C:/xampp/htdocs/project/vendor/laravel/framework/src/Illuminate/Pipeline/Pipeline.php(209): Illuminate/Cookie/Middleware/EncryptCookies->handle(Object(Illuminate/Http/Request), Object(Closure))
#85 C:/xampp/htdocs/project/vendor/filament/filament/src/Http/Middleware/SetUpPanel.php(19): Illuminate/Pipeline/Pipeline->{closure:{closure:Illuminate/Pipeline/Pipeline::carry():184}:185}(Object(Illuminate/Http/Request))
#86 C:/xampp/htdocs/project/vendor/laravel/framework/src/Illuminate/Pipeline/Pipeline.php(209): Filament/Http/Middleware/SetUpPanel->handle(Object(Illuminate/Http/Request), Object(Closure), Object(Filament/Panel))
#87 C:/xampp/htdocs/project/vendor/laravel/framework/src/Illuminate/Pipeline/Pipeline.php(127): Illuminate/Pipeline/Pipeline->{closure:{closure:Illuminate/Pipeline/Pipeline::carry():184}:185}(Object(Illuminate/Http/Request))
#88 C:/xampp/htdocs/project/vendor/laravel/framework/src/Illuminate/Routing/Router.php(807): Illuminate/Pipeline/Pipeline->then(Object(Closure))
#89 C:/xampp/htdocs/project/vendor/laravel/framework/src/Illuminate/Routing/Router.php(786): Illuminate/Routing/Router->runRouteWithinStack(Object(Illuminate/Routing/Route), Object(Illuminate/Http/Request))
#90 C:/xampp/htdocs/project/vendor/laravel/framework/src/Illuminate/Routing/Router.php(750): Illuminate/Routing/Router->runRoute(Object(Illuminate/Http/Request), Object(Illuminate/Routing/Route))
#91 C:/xampp/htdocs/project/vendor/laravel/framework/src/Illuminate/Routing/Router.php(739): Illuminate/Routing/Router->dispatchToRoute(Object(Illuminate/Http/Request))
#92 C:/xampp/htdocs/project/vendor/laravel/framework/src/Illuminate/Foundation/Http/Kernel.php(201): Illuminate/Routing/Router->dispatch(Object(Illuminate/Http/Request))
#93 C:/xampp/htdocs/project/vendor/laravel/framework/src/Illuminate/Pipeline/Pipeline.php(170): Illuminate/Foundation/Http/Kernel->{closure:Illuminate/Foundation/Http/Kernel::dispatchToRouter():198}(Object(Illuminate/Http/Request))
#94 C:/xampp/htdocs/project/vendor/livewire/livewire/src/Features/SupportDisablingBackButtonCache/DisableBackButtonCacheMiddleware.php(19): Illuminate/Pipeline/Pipeline->{closure:Illuminate/Pipeline/Pipeline::prepareDestination():168}(Object(Illuminate/Http/Request))
#95 C:/xampp/htdocs/project/vendor/laravel/framework/src/Illuminate/Pipeline/Pipeline.php(209): Livewire/Features/SupportDisablingBackButtonCache/DisableBackButtonCacheMiddleware->handle(Object(Illuminate/Http/Request), Object(Closure))
#96 C:/xampp/htdocs/project/vendor/laravel/framework/src/Illuminate/Foundation/Http/Middleware/TransformsRequest.php(21): Illuminate/Pipeline/Pipeline->{closure:{closure:Illuminate/Pipeline/Pipeline::carry():184}:185}(Object(Illuminate/Http/Request))
#97 C:/xampp/htdocs/project/vendor/laravel/framework/src/Illuminate/Foundation/Http/Middleware/ConvertEmptyStringsToNull.php(31): Illuminate/Foundation/Http/Middleware/TransformsRequest->handle(Object(Illuminate/Http/Request), Object(Closure))
#98 C:/xampp/htdocs/project/vendor/laravel/framework/src/Illuminate/Pipeline/Pipeline.php(209): Illuminate/Foundation/Http/Middleware/ConvertEmptyStringsToNull->handle(Object(Illuminate/Http/Request), Object(Closure))
#99 C:/xampp/htdocs/project/vendor/laravel/framework/src/Illuminate/Foundation/Http/Middleware/TransformsRequest.php(21): Illuminate/Pipeline/Pipeline->{closure:{closure:Illuminate/Pipeline/Pipeline::carry():184}:185}(Object(Illuminate/Http/Request))
#100 C:/xampp/htdocs/project/vendor/laravel/framework/src/Illuminate/Foundation/Http/Middleware/TrimStrings.php(51): Illuminate/Foundation/Http/Middleware/TransformsRequest->handle(Object(Illuminate/Http/Request), Object(Closure))
#101 C:/xampp/htdocs/project/vendor/laravel/framework/src/Illuminate/Pipeline/Pipeline.php(209): Illuminate/Foundation/Http/Middleware/TrimStrings->handle(Object(Illuminate/Http/Request), Object(Closure))
#102 C:/xampp/htdocs/project/vendor/laravel/framework/src/Illuminate/Http/Middleware/ValidatePostSize.php(27): Illuminate/Pipeline/Pipeline->{closure:{closure:Illuminate/Pipeline/Pipeline::carry():184}:185}(Object(Illuminate/Http/Request))
#103 C:/xampp/htdocs/project/vendor/laravel/framework/src/Illuminate/Pipeline/Pipeline.php(209): Illuminate/Http/Middleware/ValidatePostSize->handle(Object(Illuminate/Http/Request), Object(Closure))
#104 C:/xampp/htdocs/project/vendor/laravel/framework/src/Illuminate/Foundation/Http/Middleware/PreventRequestsDuringMaintenance.php(110): Illuminate/Pipeline/Pipeline->{closure:{closure:Illuminate/Pipeline/Pipeline::carry():184}:185}(Object(Illuminate/Http/Request))
#105 C:/xampp/htdocs/project/vendor/laravel/framework/src/Illuminate/Pipeline/Pipeline.php(209): Illuminate/Foundation/Http/Middleware/PreventRequestsDuringMaintenance->handle(Object(Illuminate/Http/Request), Object(Closure))
#106 C:/xampp/htdocs/project/vendor/laravel/framework/src/Illuminate/Http/Middleware/HandleCors.php(49): Illuminate/Pipeline/Pipeline->{closure:{closure:Illuminate/Pipeline/Pipeline::carry():184}:185}(Object(Illuminate/Http/Request))
#107 C:/xampp/htdocs/project/vendor/laravel/framework/src/Illuminate/Pipeline/Pipeline.php(209): Illuminate/Http/Middleware/HandleCors->handle(Object(Illuminate/Http/Request), Object(Closure))
#108 C:/xampp/htdocs/project/vendor/laravel/framework/src/Illuminate/Http/Middleware/TrustProxies.php(58): Illuminate/Pipeline/Pipeline->{closure:{closure:Illuminate/Pipeline/Pipeline::carry():184}:185}(Object(Illuminate/Http/Request))
#109 C:/xampp/htdocs/project/vendor/laravel/framework/src/Illuminate/Pipeline/Pipeline.php(209): Illuminate/Http/Middleware/TrustProxies->handle(Object(Illuminate/Http/Request), Object(Closure))
#110 C:/xampp/htdocs/project/vendor/laravel/framework/src/Illuminate/Foundation/Http/Middleware/InvokeDeferredCallbacks.php(22): Illuminate/Pipeline/Pipeline->{closure:{closure:Illuminate/Pipeline/Pipeline::carry():184}:185}(Object(Illuminate/Http/Request))
#111 C:/xampp/htdocs/project/vendor/laravel/framework/src/Illuminate/Pipeline/Pipeline.php(209): Illuminate/Foundation/Http/Middleware/InvokeDeferredCallbacks->handle(Object(Illuminate/Http/Request), Object(Closure))
#112 C:/xampp/htdocs/project/vendor/laravel/framework/src/Illuminate/Pipeline/Pipeline.php(127): Illuminate/Pipeline/Pipeline->{closure:{closure:Illuminate/Pipeline/Pipeline::carry():184}:185}(Object(Illuminate/Http/Request))
#113 C:/xampp/htdocs/project/vendor/laravel/framework/src/Illuminate/Foundation/Http/Kernel.php(176): Illuminate/Pipeline/Pipeline->then(Object(Closure))
#114 C:/xampp/htdocs/project/vendor/laravel/framework/src/Illuminate/Foundation/Http/Kernel.php(145): Illuminate/Foundation/Http/Kernel->sendRequestThroughRouter(Object(Illuminate/Http/Request))
#115 C:/xampp/htdocs/project/vendor/laravel/framework/src/Illuminate/Foundation/Application.php(1220): Illuminate/Foundation/Http/Kernel->handle(Object(Illuminate/Http/Request))
#116 C:/xampp/htdocs/project/public/index.php(17): Illuminate/Foundation/Application->handleRequest(Object(Illuminate/Http/Request))
#117 C:/xampp/htdocs/project/vendor/laravel/framework/src/Illuminate/Foundation/resources/server.php(23): require_once('C://xampp//htdocs...')
#118 {main}
"} 
[2026-09-08 11:22:11] local.ERROR: There is no role named `Staff` for guard `admin`. (View: C:\xampp\htdocs\project\vendor\filament\widgets\resources\views\stats-overview-widget.blade.php) {"userId":8,"exception":"[object] (Illuminate\\View\\ViewException(code: 0): There is no role named `Staff` for guard `admin`. (View: C:\\xampp\\htdocs\\project\\vendor\\filament\\widgets\\resources\\views\\stats-overview-widget.blade.php) at C:/xampp/htdocs/project/vendor/spatie/laravel-permission/src/Exceptions/RoleDoesNotExist.php:11)
[stacktrace]
#0 C:/xampp/htdocs/project/vendor/livewire/livewire/src/Mechanisms/ExtendBlade/ExtendedCompilerEngine.php(58): Illuminate/View/Engines/CompilerEngine->handleViewException(Object(Spatie/Permission/Exceptions/RoleDoesNotExist), 1)
#1 C:/xampp/htdocs/project/vendor/livewire/livewire/src/Mechanisms/ExtendBlade/ExtendedCompilerEngine.php(40): Livewire/Mechanisms/ExtendBlade/ExtendedCompilerEngine->handleViewException(Object(Spatie/Permission/Exceptions/RoleDoesNotExist), 1)
#2 C:/xampp/htdocs/project/vendor/laravel/framework/src/Illuminate/View/Engines/CompilerEngine.php(75): Livewire/Mechanisms/ExtendBlade/ExtendedCompilerEngine->evaluatePath('C://xampp//htdocs...', Array)
#3 C:/xampp/htdocs/project/vendor/livewire/livewire/src/Mechanisms/ExtendBlade/ExtendedCompilerEngine.php(16): Illuminate/View/Engines/CompilerEngine->get('C://xampp//htdocs...', Array)
#4 C:/xampp/htdocs/project/vendor/laravel/framework/src/Illuminate/View/View.php(209): Livewire/Mechanisms/ExtendBlade/ExtendedCompilerEngine->get('C://xampp//htdocs...', Array)
#5 C:/xampp/htdocs/project/vendor/laravel/framework/src/Illuminate/View/View.php(192): Illuminate/View/View->getContents()
#6 C:/xampp/htdocs/project/vendor/laravel/framework/src/Illuminate/View/View.php(161): Illuminate/View/View->renderContents()
#7 C:/xampp/htdocs/project/vendor/livewire/livewire/src/Mechanisms/HandleComponents/HandleComponents.php(288): Illuminate/View/View->render(Object(Closure))
#8 C:/xampp/htdocs/project/vendor/livewire/livewire/src/Mechanisms/HandleComponents/HandleComponents.php(332): Livewire/Mechanisms/HandleComponents/HandleComponents->{closure:Livewire/Mechanisms/HandleComponents/HandleComponents::render():280}()
#9 C:/xampp/htdocs/project/vendor/livewire/livewire/src/Mechanisms/HandleComponents/HandleComponents.php(280): Livewire/Mechanisms/HandleComponents/HandleComponents->trackInRenderStack(Object(App/Filament/Admin/Widgets/AdminOverview), Object(Closure))
#10 C:/xampp/htdocs/project/vendor/livewire/livewire/src/Mechanisms/HandleComponents/HandleComponents.php(127): Livewire/Mechanisms/HandleComponents/HandleComponents->render(Object(App/Filament/Admin/Widgets/AdminOverview))
#11 C:/xampp/htdocs/project/vendor/livewire/livewire/src/LivewireManager.php(102): Livewire/Mechanisms/HandleComponents/HandleComponents->update(Array, Array, Array)
#12 C:/xampp/htdocs/project/vendor/livewire/livewire/src/Mechanisms/HandleRequests/HandleRequests.php(144): Livewire/LivewireManager->update(Array, Array, Array)
#13 C:/xampp/htdocs/project/vendor/laravel/framework/src/Illuminate/Routing/ControllerDispatcher.php(47): Livewire/Mechanisms/HandleRequests/HandleRequests->handleUpdate()
#14 C:/xampp/htdocs/project/vendor/laravel/framework/src/Illuminate/Routing/Route.php(266): Illuminate/Routing/ControllerDispatcher->dispatch(Object(Illuminate/Routing/Route), Object(Livewire/Mechanisms/HandleRequests/HandleRequests), 'handleUpdate')
#15 C:/xampp/htdocs/project/vendor/laravel/framework/src/Illuminate/Routing/Route.php(212): Illuminate/Routing/Route->runController()
#16 C:/xampp/htdocs/project/vendor/laravel/framework/src/Illuminate/Routing/Router.php(808): Illuminate/Routing/Route->run()
#17 C:/xampp/htdocs/project/vendor/laravel/framework/src/Illuminate/Pipeline/Pipeline.php(170): Illuminate/Routing/Router->{closure:Illuminate/Routing/Router::runRouteWithinStack():807}(Object(Illuminate/Http/Request))
#18 C:/xampp/htdocs/project/vendor/laravel/framework/src/Illuminate/Routing/Middleware/SubstituteBindings.php(51): Illuminate/Pipeline/Pipeline->{closure:Illuminate/Pipeline/Pipeline::prepareDestination():168}(Object(Illuminate/Http/Request))
#19 C:/xampp/htdocs/project/vendor/laravel/framework/src/Illuminate/Pipeline/Pipeline.php(209): Illuminate/Routing/Middleware/SubstituteBindings->handle(Object(Illuminate/Http/Request), Object(Closure))
#20 C:/xampp/htdocs/project/vendor/laravel/framework/src/Illuminate/Foundation/Http/Middleware/VerifyCsrfToken.php(88): Illuminate/Pipeline/Pipeline->{closure:{closure:Illuminate/Pipeline/Pipeline::carry():184}:185}(Object(Illuminate/Http/Request))
#21 C:/xampp/htdocs/project/vendor/laravel/framework/src/Illuminate/Pipeline/Pipeline.php(209): Illuminate/Foundation/Http/Middleware/VerifyCsrfToken->handle(Object(Illuminate/Http/Request), Object(Closure))
#22 C:/xampp/htdocs/project/vendor/laravel/framework/src/Illuminate/View/Middleware/ShareErrorsFromSession.php(49): Illuminate/Pipeline/Pipeline->{closure:{closure:Illuminate/Pipeline/Pipeline::carry():184}:185}(Object(Illuminate/Http/Request))
#23 C:/xampp/htdocs/project/vendor/laravel/framework/src/Illuminate/Pipeline/Pipeline.php(209): Illuminate/View/Middleware/ShareErrorsFromSession->handle(Object(Illuminate/Http/Request), Object(Closure))
#24 C:/xampp/htdocs/project/vendor/laravel/framework/src/Illuminate/Session/Middleware/StartSession.php(121): Illuminate/Pipeline/Pipeline->{closure:{closure:Illuminate/Pipeline/Pipeline::carry():184}:185}(Object(Illuminate/Http/Request))
#25 C:/xampp/htdocs/project/vendor/laravel/framework/src/Illuminate/Session/Middleware/StartSession.php(64): Illuminate/Session/Middleware/StartSession->handleStatefulRequest(Object(Illuminate/Http/Request), Object(Illuminate/Session/Store), Object(Closure))
#26 C:/xampp/htdocs/project/vendor/laravel/framework/src/Illuminate/Pipeline/Pipeline.php(209): Illuminate/Session/Middleware/StartSession->handle(Object(Illuminate/Http/Request), Object(Closure))
#27 C:/xampp/htdocs/project/vendor/laravel/framework/src/Illuminate/Cookie/Middleware/AddQueuedCookiesToResponse.php(37): Illuminate/Pipeline/Pipeline->{closure:{closure:Illuminate/Pipeline/Pipeline::carry():184}:185}(Object(Illuminate/Http/Request))
#28 C:/xampp/htdocs/project/vendor/laravel/framework/src/Illuminate/Pipeline/Pipeline.php(209): Illuminate/Cookie/Middleware/AddQueuedCookiesToResponse->handle(Object(Illuminate/Http/Request), Object(Closure))
#29 C:/xampp/htdocs/project/vendor/laravel/framework/src/Illuminate/Cookie/Middleware/EncryptCookies.php(75): Illuminate/Pipeline/Pipeline->{closure:{closure:Illuminate/Pipeline/Pipeline::carry():184}:185}(Object(Illuminate/Http/Request))
#30 C:/xampp/htdocs/project/vendor/laravel/framework/src/Illuminate/Pipeline/Pipeline.php(209): Illuminate/Cookie/Middleware/EncryptCookies->handle(Object(Illuminate/Http/Request), Object(Closure))
#31 C:/xampp/htdocs/project/vendor/laravel/framework/src/Illuminate/Pipeline/Pipeline.php(127): Illuminate/Pipeline/Pipeline->{closure:{closure:Illuminate/Pipeline/Pipeline::carry():184}:185}(Object(Illuminate/Http/Request))
#32 C:/xampp/htdocs/project/vendor/laravel/framework/src/Illuminate/Routing/Router.php(807): Illuminate/Pipeline/Pipeline->then(Object(Closure))
#33 C:/xampp/htdocs/project/vendor/laravel/framework/src/Illuminate/Routing/Router.php(786): Illuminate/Routing/Router->runRouteWithinStack(Object(Illuminate/Routing/Route), Object(Illuminate/Http/Request))
#34 C:/xampp/htdocs/project/vendor/laravel/framework/src/Illuminate/Routing/Router.php(750): Illuminate/Routing/Router->runRoute(Object(Illuminate/Http/Request), Object(Illuminate/Routing/Route))
#35 C:/xampp/htdocs/project/vendor/laravel/framework/src/Illuminate/Routing/Router.php(739): Illuminate/Routing/Router->dispatchToRoute(Object(Illuminate/Http/Request))
#36 C:/xampp/htdocs/project/vendor/laravel/framework/src/Illuminate/Foundation/Http/Kernel.php(201): Illuminate/Routing/Router->dispatch(Object(Illuminate/Http/Request))
#37 C:/xampp/htdocs/project/vendor/laravel/framework/src/Illuminate/Pipeline/Pipeline.php(170): Illuminate/Foundation/Http/Kernel->{closure:Illuminate/Foundation/Http/Kernel::dispatchToRouter():198}(Object(Illuminate/Http/Request))
#38 C:/xampp/htdocs/project/vendor/livewire/livewire/src/Features/SupportDisablingBackButtonCache/DisableBackButtonCacheMiddleware.php(19): Illuminate/Pipeline/Pipeline->{closure:Illuminate/Pipeline/Pipeline::prepareDestination():168}(Object(Illuminate/Http/Request))
#39 C:/xampp/htdocs/project/vendor/laravel/framework/src/Illuminate/Pipeline/Pipeline.php(209): Livewire/Features/SupportDisablingBackButtonCache/DisableBackButtonCacheMiddleware->handle(Object(Illuminate/Http/Request), Object(Closure))
#40 C:/xampp/htdocs/project/vendor/laravel/framework/src/Illuminate/Foundation/Http/Middleware/ConvertEmptyStringsToNull.php(27): Illuminate/Pipeline/Pipeline->{closure:{closure:Illuminate/Pipeline/Pipeline::carry():184}:185}(Object(Illuminate/Http/Request))
#41 C:/xampp/htdocs/project/vendor/laravel/framework/src/Illuminate/Pipeline/Pipeline.php(209): Illuminate/Foundation/Http/Middleware/ConvertEmptyStringsToNull->handle(Object(Illuminate/Http/Request), Object(Closure))
#42 C:/xampp/htdocs/project/vendor/laravel/framework/src/Illuminate/Foundation/Http/Middleware/TrimStrings.php(47): Illuminate/Pipeline/Pipeline->{closure:{closure:Illuminate/Pipeline/Pipeline::carry():184}:185}(Object(Illuminate/Http/Request))
#43 C:/xampp/htdocs/project/vendor/laravel/framework/src/Illuminate/Pipeline/Pipeline.php(209): Illuminate/Foundation/Http/Middleware/TrimStrings->handle(Object(Illuminate/Http/Request), Object(Closure))
#44 C:/xampp/htdocs/project/vendor/laravel/framework/src/Illuminate/Http/Middleware/ValidatePostSize.php(27): Illuminate/Pipeline/Pipeline->{closure:{closure:Illuminate/Pipeline/Pipeline::carry():184}:185}(Object(Illuminate/Http/Request))
#45 C:/xampp/htdocs/project/vendor/laravel/framework/src/Illuminate/Pipeline/Pipeline.php(209): Illuminate/Http/Middleware/ValidatePostSize->handle(Object(Illuminate/Http/Request), Object(Closure))
#46 C:/xampp/htdocs/project/vendor/laravel/framework/src/Illuminate/Foundation/Http/Middleware/PreventRequestsDuringMaintenance.php(110): Illuminate/Pipeline/Pipeline->{closure:{closure:Illuminate/Pipeline/Pipeline::carry():184}:185}(Object(Illuminate/Http/Request))
#47 C:/xampp/htdocs/project/vendor/laravel/framework/src/Illuminate/Pipeline/Pipeline.php(209): Illuminate/Foundation/Http/Middleware/PreventRequestsDuringMaintenance->handle(Object(Illuminate/Http/Request), Object(Closure))
#48 C:/xampp/htdocs/project/vendor/laravel/framework/src/Illuminate/Http/Middleware/HandleCors.php(49): Illuminate/Pipeline/Pipeline->{closure:{closure:Illuminate/Pipeline/Pipeline::carry():184}:185}(Object(Illuminate/Http/Request))
#49 C:/xampp/htdocs/project/vendor/laravel/framework/src/Illuminate/Pipeline/Pipeline.php(209): Illuminate/Http/Middleware/HandleCors->handle(Object(Illuminate/Http/Request), Object(Closure))
#50 C:/xampp/htdocs/project/vendor/laravel/framework/src/Illuminate/Http/Middleware/TrustProxies.php(58): Illuminate/Pipeline/Pipeline->{closure:{closure:Illuminate/Pipeline/Pipeline::carry():184}:185}(Object(Illuminate/Http/Request))
#51 C:/xampp/htdocs/project/vendor/laravel/framework/src/Illuminate/Pipeline/Pipeline.php(209): Illuminate/Http/Middleware/TrustProxies->handle(Object(Illuminate/Http/Request), Object(Closure))
#52 C:/xampp/htdocs/project/vendor/laravel/framework/src/Illuminate/Foundation/Http/Middleware/InvokeDeferredCallbacks.php(22): Illuminate/Pipeline/Pipeline->{closure:{closure:Illuminate/Pipeline/Pipeline::carry():184}:185}(Object(Illuminate/Http/Request))
#53 C:/xampp/htdocs/project/vendor/laravel/framework/src/Illuminate/Pipeline/Pipeline.php(209): Illuminate/Foundation/Http/Middleware/InvokeDeferredCallbacks->handle(Object(Illuminate/Http/Request), Object(Closure))
#54 C:/xampp/htdocs/project/vendor/laravel/framework/src/Illuminate/Pipeline/Pipeline.php(127): Illuminate/Pipeline/Pipeline->{closure:{closure:Illuminate/Pipeline/Pipeline::carry():184}:185}(Object(Illuminate/Http/Request))
#55 C:/xampp/htdocs/project/vendor/laravel/framework/src/Illuminate/Foundation/Http/Kernel.php(176): Illuminate/Pipeline/Pipeline->then(Object(Closure))
#56 C:/xampp/htdocs/project/vendor/laravel/framework/src/Illuminate/Foundation/Http/Kernel.php(145): Illuminate/Foundation/Http/Kernel->sendRequestThroughRouter(Object(Illuminate/Http/Request))
#57 C:/xampp/htdocs/project/vendor/laravel/framework/src/Illuminate/Foundation/Application.php(1220): Illuminate/Foundation/Http/Kernel->handle(Object(Illuminate/Http/Request))
#58 C:/xampp/htdocs/project/public/index.php(17): Illuminate/Foundation/Application->handleRequest(Object(Illuminate/Http/Request))
#59 C:/xampp/htdocs/project/vendor/laravel/framework/src/Illuminate/Foundation/resources/server.php(23): require_once('C://xampp//htdocs...')
#60 {main}

[previous exception] [object] (Spatie\\Permission\\Exceptions\\RoleDoesNotExist(code: 0): There is no role named `Staff` for guard `admin`. at C:/xampp/htdocs/project/vendor/spatie/laravel-permission/src/Exceptions/RoleDoesNotExist.php:11)
[stacktrace]
#0 C:/xampp/htdocs/project/vendor/spatie/laravel-permission/src/Models/Role.php(113): Spatie/Permission/Exceptions/RoleDoesNotExist::named('Staff', 'admin')
#1 C:/xampp/htdocs/project/vendor/spatie/laravel-permission/src/Traits/HasRoles.php(96): Spatie/Permission/Models/Role::findByName('Staff', 'admin')
#2 [internal function]: App/Models/User->{closure:Spatie/Permission/Traits/HasRoles::scopeRole():85}('Staff')
#3 C:/xampp/htdocs/project/vendor/spatie/laravel-permission/src/Traits/HasRoles.php(85): array_map(Object(Closure), Array)
#4 C:/xampp/htdocs/project/vendor/laravel/framework/src/Illuminate/Database/Eloquent/Model.php(1654): App/Models/User->scopeRole(Object(Illuminate/Database/Eloquent/Builder), 'Staff')
#5 C:/xampp/htdocs/project/vendor/laravel/framework/src/Illuminate/Database/Eloquent/Builder.php(1529): Illuminate/Database/Eloquent/Model->callNamedScope('role', Array)
#6 C:/xampp/htdocs/project/vendor/laravel/framework/src/Illuminate/Database/Eloquent/Builder.php(1510): Illuminate/Database/Eloquent/Builder->{closure:Illuminate/Database/Eloquent/Builder::callNamedScope():1528}(Object(Illuminate/Database/Eloquent/Builder), 'Staff')
#7 C:/xampp/htdocs/project/vendor/laravel/framework/src/Illuminate/Database/Eloquent/Builder.php(1528): Illuminate/Database/Eloquent/Builder->callScope(Object(Closure), Array)
#8 C:/xampp/htdocs/project/vendor/laravel/framework/src/Illuminate/Database/Eloquent/Builder.php(2116): Illuminate/Database/Eloquent/Builder->callNamedScope('role', Array)
#9 C:/xampp/htdocs/project/app/Filament/Admin/Widgets/AdminOverview.php(29): Illuminate/Database/Eloquent/Builder->__call('role', Array)
#10 C:/xampp/htdocs/project/vendor/filament/widgets/src/StatsOverviewWidget.php(47): App/Filament/Admin/Widgets/AdminOverview->getStats()
#11 C:/xampp/htdocs/project/vendor/filament/widgets/src/StatsOverviewWidget.php(29): Filament/Widgets/StatsOverviewWidget->getCachedStats()
#12 C:/xampp/htdocs/project/storage/framework/views/84a5362f281a508753c4ef449cc55ce5.php(2): Filament/Widgets/StatsOverviewWidget->getColumns()
#13 C:/xampp/htdocs/project/vendor/livewire/livewire/src/Mechanisms/ExtendBlade/ExtendedCompilerEngine.php(37): include('C://xampp//htdocs...')
#14 C:/xampp/htdocs/project/vendor/livewire/livewire/src/Mechanisms/ExtendBlade/ExtendedCompilerEngine.php(38): App/Filament/Admin/Widgets/AdminOverview->{closure:Livewire/Mechanisms/ExtendBlade/ExtendedCompilerEngine::evaluatePath():35}()
#15 C:/xampp/htdocs/project/vendor/laravel/framework/src/Illuminate/View/Engines/CompilerEngine.php(75): Livewire/Mechanisms/ExtendBlade/ExtendedCompilerEngine->evaluatePath('C://xampp//htdocs...', Array)
#16 C:/xampp/htdocs/project/vendor/livewire/livewire/src/Mechanisms/ExtendBlade/ExtendedCompilerEngine.php(16): Illuminate/View/Engines/CompilerEngine->get('C://xampp//htdocs...', Array)
#17 C:/xampp/htdocs/project/vendor/laravel/framework/src/Illuminate/View/View.php(209): Livewire/Mechanisms/ExtendBlade/ExtendedCompilerEngine->get('C://xampp//htdocs...', Array)
#18 C:/xampp/htdocs/project/vendor/laravel/framework/src/Illuminate/View/View.php(192): Illuminate/View/View->getContents()
#19 C:/xampp/htdocs/project/vendor/laravel/framework/src/Illuminate/View/View.php(161): Illuminate/View/View->renderContents()
#20 C:/xampp/htdocs/project/vendor/livewire/livewire/src/Mechanisms/HandleComponents/HandleComponents.php(288): Illuminate/View/View->render(Object(Closure))
#21 C:/xampp/htdocs/project/vendor/livewire/livewire/src/Mechanisms/HandleComponents/HandleComponents.php(332): Livewire/Mechanisms/HandleComponents/HandleComponents->{closure:Livewire/Mechanisms/HandleComponents/HandleComponents::render():280}()
#22 C:/xampp/htdocs/project/vendor/livewire/livewire/src/Mechanisms/HandleComponents/HandleComponents.php(280): Livewire/Mechanisms/HandleComponents/HandleComponents->trackInRenderStack(Object(App/Filament/Admin/Widgets/AdminOverview), Object(Closure))
#23 C:/xampp/htdocs/project/vendor/livewire/livewire/src/Mechanisms/HandleComponents/HandleComponents.php(127): Livewire/Mechanisms/HandleComponents/HandleComponents->render(Object(App/Filament/Admin/Widgets/AdminOverview))
#24 C:/xampp/htdocs/project/vendor/livewire/livewire/src/LivewireManager.php(102): Livewire/Mechanisms/HandleComponents/HandleComponents->update(Array, Array, Array)
#25 C:/xampp/htdocs/project/vendor/livewire/livewire/src/Mechanisms/HandleRequests/HandleRequests.php(144): Livewire/LivewireManager->update(Array, Array, Array)
#26 C:/xampp/htdocs/project/vendor/laravel/framework/src/Illuminate/Routing/ControllerDispatcher.php(47): Livewire/Mechanisms/HandleRequests/HandleRequests->handleUpdate()
#27 C:/xampp/htdocs/project/vendor/laravel/framework/src/Illuminate/Routing/Route.php(266): Illuminate/Routing/ControllerDispatcher->dispatch(Object(Illuminate/Routing/Route), Object(Livewire/Mechanisms/HandleRequests/HandleRequests), 'handleUpdate')
#28 C:/xampp/htdocs/project/vendor/laravel/framework/src/Illuminate/Routing/Route.php(212): Illuminate/Routing/Route->runController()
#29 C:/xampp/htdocs/project/vendor/laravel/framework/src/Illuminate/Routing/Router.php(808): Illuminate/Routing/Route->run()
#30 C:/xampp/htdocs/project/vendor/laravel/framework/src/Illuminate/Pipeline/Pipeline.php(170): Illuminate/Routing/Router->{closure:Illuminate/Routing/Router::runRouteWithinStack():807}(Object(Illuminate/Http/Request))
#31 C:/xampp/htdocs/project/vendor/laravel/framework/src/Illuminate/Routing/Middleware/SubstituteBindings.php(51): Illuminate/Pipeline/Pipeline->{closure:Illuminate/Pipeline/Pipeline::prepareDestination():168}(Object(Illuminate/Http/Request))
#32 C:/xampp/htdocs/project/vendor/laravel/framework/src/Illuminate/Pipeline/Pipeline.php(209): Illuminate/Routing/Middleware/SubstituteBindings->handle(Object(Illuminate/Http/Request), Object(Closure))
#33 C:/xampp/htdocs/project/vendor/laravel/framework/src/Illuminate/Foundation/Http/Middleware/VerifyCsrfToken.php(88): Illuminate/Pipeline/Pipeline->{closure:{closure:Illuminate/Pipeline/Pipeline::carry():184}:185}(Object(Illuminate/Http/Request))
#34 C:/xampp/htdocs/project/vendor/laravel/framework/src/Illuminate/Pipeline/Pipeline.php(209): Illuminate/Foundation/Http/Middleware/VerifyCsrfToken->handle(Object(Illuminate/Http/Request), Object(Closure))
#35 C:/xampp/htdocs/project/vendor/laravel/framework/src/Illuminate/View/Middleware/ShareErrorsFromSession.php(49): Illuminate/Pipeline/Pipeline->{closure:{closure:Illuminate/Pipeline/Pipeline::carry():184}:185}(Object(Illuminate/Http/Request))
#36 C:/xampp/htdocs/project/vendor/laravel/framework/src/Illuminate/Pipeline/Pipeline.php(209): Illuminate/View/Middleware/ShareErrorsFromSession->handle(Object(Illuminate/Http/Request), Object(Closure))
#37 C:/xampp/htdocs/project/vendor/laravel/framework/src/Illuminate/Session/Middleware/StartSession.php(121): Illuminate/Pipeline/Pipeline->{closure:{closure:Illuminate/Pipeline/Pipeline::carry():184}:185}(Object(Illuminate/Http/Request))
#38 C:/xampp/htdocs/project/vendor/laravel/framework/src/Illuminate/Session/Middleware/StartSession.php(64): Illuminate/Session/Middleware/StartSession->handleStatefulRequest(Object(Illuminate/Http/Request), Object(Illuminate/Session/Store), Object(Closure))
#39 C:/xampp/htdocs/project/vendor/laravel/framework/src/Illuminate/Pipeline/Pipeline.php(209): Illuminate/Session/Middleware/StartSession->handle(Object(Illuminate/Http/Request), Object(Closure))
#40 C:/xampp/htdocs/project/vendor/laravel/framework/src/Illuminate/Cookie/Middleware/AddQueuedCookiesToResponse.php(37): Illuminate/Pipeline/Pipeline->{closure:{closure:Illuminate/Pipeline/Pipeline::carry():184}:185}(Object(Illuminate/Http/Request))
#41 C:/xampp/htdocs/project/vendor/laravel/framework/src/Illuminate/Pipeline/Pipeline.php(209): Illuminate/Cookie/Middleware/AddQueuedCookiesToResponse->handle(Object(Illuminate/Http/Request), Object(Closure))
#42 C:/xampp/htdocs/project/vendor/laravel/framework/src/Illuminate/Cookie/Middleware/EncryptCookies.php(75): Illuminate/Pipeline/Pipeline->{closure:{closure:Illuminate/Pipeline/Pipeline::carry():184}:185}(Object(Illuminate/Http/Request))
#43 C:/xampp/htdocs/project/vendor/laravel/framework/src/Illuminate/Pipeline/Pipeline.php(209): Illuminate/Cookie/Middleware/EncryptCookies->handle(Object(Illuminate/Http/Request), Object(Closure))
#44 C:/xampp/htdocs/project/vendor/laravel/framework/src/Illuminate/Pipeline/Pipeline.php(127): Illuminate/Pipeline/Pipeline->{closure:{closure:Illuminate/Pipeline/Pipeline::carry():184}:185}(Object(Illuminate/Http/Request))
#45 C:/xampp/htdocs/project/vendor/laravel/framework/src/Illuminate/Routing/Router.php(807): Illuminate/Pipeline/Pipeline->then(Object(Closure))
#46 C:/xampp/htdocs/project/vendor/laravel/framework/src/Illuminate/Routing/Router.php(786): Illuminate/Routing/Router->runRouteWithinStack(Object(Illuminate/Routing/Route), Object(Illuminate/Http/Request))
#47 C:/xampp/htdocs/project/vendor/laravel/framework/src/Illuminate/Routing/Router.php(750): Illuminate/Routing/Router->runRoute(Object(Illuminate/Http/Request), Object(Illuminate/Routing/Route))
#48 C:/xampp/htdocs/project/vendor/laravel/framework/src/Illuminate/Routing/Router.php(739): Illuminate/Routing/Router->dispatchToRoute(Object(Illuminate/Http/Request))
#49 C:/xampp/htdocs/project/vendor/laravel/framework/src/Illuminate/Foundation/Http/Kernel.php(201): Illuminate/Routing/Router->dispatch(Object(Illuminate/Http/Request))
#50 C:/xampp/htdocs/project/vendor/laravel/framework/src/Illuminate/Pipeline/Pipeline.php(170): Illuminate/Foundation/Http/Kernel->{closure:Illuminate/Foundation/Http/Kernel::dispatchToRouter():198}(Object(Illuminate/Http/Request))
#51 C:/xampp/htdocs/project/vendor/livewire/livewire/src/Features/SupportDisablingBackButtonCache/DisableBackButtonCacheMiddleware.php(19): Illuminate/Pipeline/Pipeline->{closure:Illuminate/Pipeline/Pipeline::prepareDestination():168}(Object(Illuminate/Http/Request))
#52 C:/xampp/htdocs/project/vendor/laravel/framework/src/Illuminate/Pipeline/Pipeline.php(209): Livewire/Features/SupportDisablingBackButtonCache/DisableBackButtonCacheMiddleware->handle(Object(Illuminate/Http/Request), Object(Closure))
#53 C:/xampp/htdocs/project/vendor/laravel/framework/src/Illuminate/Foundation/Http/Middleware/ConvertEmptyStringsToNull.php(27): Illuminate/Pipeline/Pipeline->{closure:{closure:Illuminate/Pipeline/Pipeline::carry():184}:185}(Object(Illuminate/Http/Request))
#54 C:/xampp/htdocs/project/vendor/laravel/framework/src/Illuminate/Pipeline/Pipeline.php(209): Illuminate/Foundation/Http/Middleware/ConvertEmptyStringsToNull->handle(Object(Illuminate/Http/Request), Object(Closure))
#55 C:/xampp/htdocs/project/vendor/laravel/framework/src/Illuminate/Foundation/Http/Middleware/TrimStrings.php(47): Illuminate/Pipeline/Pipeline->{closure:{closure:Illuminate/Pipeline/Pipeline::carry():184}:185}(Object(Illuminate/Http/Request))
#56 C:/xampp/htdocs/project/vendor/laravel/framework/src/Illuminate/Pipeline/Pipeline.php(209): Illuminate/Foundation/Http/Middleware/TrimStrings->handle(Object(Illuminate/Http/Request), Object(Closure))
#57 C:/xampp/htdocs/project/vendor/laravel/framework/src/Illuminate/Http/Middleware/ValidatePostSize.php(27): Illuminate/Pipeline/Pipeline->{closure:{closure:Illuminate/Pipeline/Pipeline::carry():184}:185}(Object(Illuminate/Http/Request))
#58 C:/xampp/htdocs/project/vendor/laravel/framework/src/Illuminate/Pipeline/Pipeline.php(209): Illuminate/Http/Middleware/ValidatePostSize->handle(Object(Illuminate/Http/Request), Object(Closure))
#59 C:/xampp/htdocs/project/vendor/laravel/framework/src/Illuminate/Foundation/Http/Middleware/PreventRequestsDuringMaintenance.php(110): Illuminate/Pipeline/Pipeline->{closure:{closure:Illuminate/Pipeline/Pipeline::carry():184}:185}(Object(Illuminate/Http/Request))
#60 C:/xampp/htdocs/project/vendor/laravel/framework/src/Illuminate/Pipeline/Pipeline.php(209): Illuminate/Foundation/Http/Middleware/PreventRequestsDuringMaintenance->handle(Object(Illuminate/Http/Request), Object(Closure))
#61 C:/xampp/htdocs/project/vendor/laravel/framework/src/Illuminate/Http/Middleware/HandleCors.php(49): Illuminate/Pipeline/Pipeline->{closure:{closure:Illuminate/Pipeline/Pipeline::carry():184}:185}(Object(Illuminate/Http/Request))
#62 C:/xampp/htdocs/project/vendor/laravel/framework/src/Illuminate/Pipeline/Pipeline.php(209): Illuminate/Http/Middleware/HandleCors->handle(Object(Illuminate/Http/Request), Object(Closure))
#63 C:/xampp/htdocs/project/vendor/laravel/framework/src/Illuminate/Http/Middleware/TrustProxies.php(58): Illuminate/Pipeline/Pipeline->{closure:{closure:Illuminate/Pipeline/Pipeline::carry():184}:185}(Object(Illuminate/Http/Request))
#64 C:/xampp/htdocs/project/vendor/laravel/framework/src/Illuminate/Pipeline/Pipeline.php(209): Illuminate/Http/Middleware/TrustProxies->handle(Object(Illuminate/Http/Request), Object(Closure))
#65 C:/xampp/htdocs/project/vendor/laravel/framework/src/Illuminate/Foundation/Http/Middleware/InvokeDeferredCallbacks.php(22): Illuminate/Pipeline/Pipeline->{closure:{closure:Illuminate/Pipeline/Pipeline::carry():184}:185}(Object(Illuminate/Http/Request))
#66 C:/xampp/htdocs/project/vendor/laravel/framework/src/Illuminate/Pipeline/Pipeline.php(209): Illuminate/Foundation/Http/Middleware/InvokeDeferredCallbacks->handle(Object(Illuminate/Http/Request), Object(Closure))
#67 C:/xampp/htdocs/project/vendor/laravel/framework/src/Illuminate/Pipeline/Pipeline.php(127): Illuminate/Pipeline/Pipeline->{closure:{closure:Illuminate/Pipeline/Pipeline::carry():184}:185}(Object(Illuminate/Http/Request))
#68 C:/xampp/htdocs/project/vendor/laravel/framework/src/Illuminate/Foundation/Http/Kernel.php(176): Illuminate/Pipeline/Pipeline->then(Object(Closure))
#69 C:/xampp/htdocs/project/vendor/laravel/framework/src/Illuminate/Foundation/Http/Kernel.php(145): Illuminate/Foundation/Http/Kernel->sendRequestThroughRouter(Object(Illuminate/Http/Request))
#70 C:/xampp/htdocs/project/vendor/laravel/framework/src/Illuminate/Foundation/Application.php(1220): Illuminate/Foundation/Http/Kernel->handle(Object(Illuminate/Http/Request))
#71 C:/xampp/htdocs/project/public/index.php(17): Illuminate/Foundation/Application->handleRequest(Object(Illuminate/Http/Request))
#72 C:/xampp/htdocs/project/vendor/laravel/framework/src/Illuminate/Foundation/resources/server.php(23): require_once('C://xampp//htdocs...')
#73 {main}
"} 
[2026-09-08 11:22:29] local.ERROR: There is no role named `Staff` for guard `admin`. (View: C:\xampp\htdocs\project\vendor\filament\widgets\resources\views\stats-overview-widget.blade.php) {"userId":8,"exception":"[object] (Illuminate\\View\\ViewException(code: 0): There is no role named `Staff` for guard `admin`. (View: C:\\xampp\\htdocs\\project\\vendor\\filament\\widgets\\resources\\views\\stats-overview-widget.blade.php) at C:/xampp/htdocs/project/vendor/spatie/laravel-permission/src/Exceptions/RoleDoesNotExist.php:11)
[stacktrace]
#0 C:/xampp/htdocs/project/vendor/livewire/livewire/src/Mechanisms/ExtendBlade/ExtendedCompilerEngine.php(58): Illuminate/View/Engines/CompilerEngine->handleViewException(Object(Spatie/Permission/Exceptions/RoleDoesNotExist), 1)
#1 C:/xampp/htdocs/project/vendor/livewire/livewire/src/Mechanisms/ExtendBlade/ExtendedCompilerEngine.php(40): Livewire/Mechanisms/ExtendBlade/ExtendedCompilerEngine->handleViewException(Object(Spatie/Permission/Exceptions/RoleDoesNotExist), 1)
#2 C:/xampp/htdocs/project/vendor/laravel/framework/src/Illuminate/View/Engines/CompilerEngine.php(75): Livewire/Mechanisms/ExtendBlade/ExtendedCompilerEngine->evaluatePath('C://xampp//htdocs...', Array)
#3 C:/xampp/htdocs/project/vendor/livewire/livewire/src/Mechanisms/ExtendBlade/ExtendedCompilerEngine.php(16): Illuminate/View/Engines/CompilerEngine->get('C://xampp//htdocs...', Array)
#4 C:/xampp/htdocs/project/vendor/laravel/framework/src/Illuminate/View/View.php(209): Livewire/Mechanisms/ExtendBlade/ExtendedCompilerEngine->get('C://xampp//htdocs...', Array)
#5 C:/xampp/htdocs/project/vendor/laravel/framework/src/Illuminate/View/View.php(192): Illuminate/View/View->getContents()
#6 C:/xampp/htdocs/project/vendor/laravel/framework/src/Illuminate/View/View.php(161): Illuminate/View/View->renderContents()
#7 C:/xampp/htdocs/project/vendor/livewire/livewire/src/Mechanisms/HandleComponents/HandleComponents.php(288): Illuminate/View/View->render(Object(Closure))
#8 C:/xampp/htdocs/project/vendor/livewire/livewire/src/Mechanisms/HandleComponents/HandleComponents.php(332): Livewire/Mechanisms/HandleComponents/HandleComponents->{closure:Livewire/Mechanisms/HandleComponents/HandleComponents::render():280}()
#9 C:/xampp/htdocs/project/vendor/livewire/livewire/src/Mechanisms/HandleComponents/HandleComponents.php(280): Livewire/Mechanisms/HandleComponents/HandleComponents->trackInRenderStack(Object(App/Filament/Admin/Widgets/AdminOverview), Object(Closure))
#10 C:/xampp/htdocs/project/vendor/livewire/livewire/src/Mechanisms/HandleComponents/HandleComponents.php(127): Livewire/Mechanisms/HandleComponents/HandleComponents->render(Object(App/Filament/Admin/Widgets/AdminOverview))
#11 C:/xampp/htdocs/project/vendor/livewire/livewire/src/LivewireManager.php(102): Livewire/Mechanisms/HandleComponents/HandleComponents->update(Array, Array, Array)
#12 C:/xampp/htdocs/project/vendor/livewire/livewire/src/Mechanisms/HandleRequests/HandleRequests.php(144): Livewire/LivewireManager->update(Array, Array, Array)
#13 C:/xampp/htdocs/project/vendor/laravel/framework/src/Illuminate/Routing/ControllerDispatcher.php(47): Livewire/Mechanisms/HandleRequests/HandleRequests->handleUpdate()
#14 C:/xampp/htdocs/project/vendor/laravel/framework/src/Illuminate/Routing/Route.php(266): Illuminate/Routing/ControllerDispatcher->dispatch(Object(Illuminate/Routing/Route), Object(Livewire/Mechanisms/HandleRequests/HandleRequests), 'handleUpdate')
#15 C:/xampp/htdocs/project/vendor/laravel/framework/src/Illuminate/Routing/Route.php(212): Illuminate/Routing/Route->runController()
#16 C:/xampp/htdocs/project/vendor/laravel/framework/src/Illuminate/Routing/Router.php(808): Illuminate/Routing/Route->run()
#17 C:/xampp/htdocs/project/vendor/laravel/framework/src/Illuminate/Pipeline/Pipeline.php(170): Illuminate/Routing/Router->{closure:Illuminate/Routing/Router::runRouteWithinStack():807}(Object(Illuminate/Http/Request))
#18 C:/xampp/htdocs/project/vendor/laravel/framework/src/Illuminate/Routing/Middleware/SubstituteBindings.php(51): Illuminate/Pipeline/Pipeline->{closure:Illuminate/Pipeline/Pipeline::prepareDestination():168}(Object(Illuminate/Http/Request))
#19 C:/xampp/htdocs/project/vendor/laravel/framework/src/Illuminate/Pipeline/Pipeline.php(209): Illuminate/Routing/Middleware/SubstituteBindings->handle(Object(Illuminate/Http/Request), Object(Closure))
#20 C:/xampp/htdocs/project/vendor/laravel/framework/src/Illuminate/Foundation/Http/Middleware/VerifyCsrfToken.php(88): Illuminate/Pipeline/Pipeline->{closure:{closure:Illuminate/Pipeline/Pipeline::carry():184}:185}(Object(Illuminate/Http/Request))
#21 C:/xampp/htdocs/project/vendor/laravel/framework/src/Illuminate/Pipeline/Pipeline.php(209): Illuminate/Foundation/Http/Middleware/VerifyCsrfToken->handle(Object(Illuminate/Http/Request), Object(Closure))
#22 C:/xampp/htdocs/project/vendor/laravel/framework/src/Illuminate/View/Middleware/ShareErrorsFromSession.php(49): Illuminate/Pipeline/Pipeline->{closure:{closure:Illuminate/Pipeline/Pipeline::carry():184}:185}(Object(Illuminate/Http/Request))
#23 C:/xampp/htdocs/project/vendor/laravel/framework/src/Illuminate/Pipeline/Pipeline.php(209): Illuminate/View/Middleware/ShareErrorsFromSession->handle(Object(Illuminate/Http/Request), Object(Closure))
#24 C:/xampp/htdocs/project/vendor/laravel/framework/src/Illuminate/Session/Middleware/StartSession.php(121): Illuminate/Pipeline/Pipeline->{closure:{closure:Illuminate/Pipeline/Pipeline::carry():184}:185}(Object(Illuminate/Http/Request))
#25 C:/xampp/htdocs/project/vendor/laravel/framework/src/Illuminate/Session/Middleware/StartSession.php(64): Illuminate/Session/Middleware/StartSession->handleStatefulRequest(Object(Illuminate/Http/Request), Object(Illuminate/Session/Store), Object(Closure))
#26 C:/xampp/htdocs/project/vendor/laravel/framework/src/Illuminate/Pipeline/Pipeline.php(209): Illuminate/Session/Middleware/StartSession->handle(Object(Illuminate/Http/Request), Object(Closure))
#27 C:/xampp/htdocs/project/vendor/laravel/framework/src/Illuminate/Cookie/Middleware/AddQueuedCookiesToResponse.php(37): Illuminate/Pipeline/Pipeline->{closure:{closure:Illuminate/Pipeline/Pipeline::carry():184}:185}(Object(Illuminate/Http/Request))
#28 C:/xampp/htdocs/project/vendor/laravel/framework/src/Illuminate/Pipeline/Pipeline.php(209): Illuminate/Cookie/Middleware/AddQueuedCookiesToResponse->handle(Object(Illuminate/Http/Request), Object(Closure))
#29 C:/xampp/htdocs/project/vendor/laravel/framework/src/Illuminate/Cookie/Middleware/EncryptCookies.php(75): Illuminate/Pipeline/Pipeline->{closure:{closure:Illuminate/Pipeline/Pipeline::carry():184}:185}(Object(Illuminate/Http/Request))
#30 C:/xampp/htdocs/project/vendor/laravel/framework/src/Illuminate/Pipeline/Pipeline.php(209): Illuminate/Cookie/Middleware/EncryptCookies->handle(Object(Illuminate/Http/Request), Object(Closure))
#31 C:/xampp/htdocs/project/vendor/laravel/framework/src/Illuminate/Pipeline/Pipeline.php(127): Illuminate/Pipeline/Pipeline->{closure:{closure:Illuminate/Pipeline/Pipeline::carry():184}:185}(Object(Illuminate/Http/Request))
#32 C:/xampp/htdocs/project/vendor/laravel/framework/src/Illuminate/Routing/Router.php(807): Illuminate/Pipeline/Pipeline->then(Object(Closure))
#33 C:/xampp/htdocs/project/vendor/laravel/framework/src/Illuminate/Routing/Router.php(786): Illuminate/Routing/Router->runRouteWithinStack(Object(Illuminate/Routing/Route), Object(Illuminate/Http/Request))
#34 C:/xampp/htdocs/project/vendor/laravel/framework/src/Illuminate/Routing/Router.php(750): Illuminate/Routing/Router->runRoute(Object(Illuminate/Http/Request), Object(Illuminate/Routing/Route))
#35 C:/xampp/htdocs/project/vendor/laravel/framework/src/Illuminate/Routing/Router.php(739): Illuminate/Routing/Router->dispatchToRoute(Object(Illuminate/Http/Request))
#36 C:/xampp/htdocs/project/vendor/laravel/framework/src/Illuminate/Foundation/Http/Kernel.php(201): Illuminate/Routing/Router->dispatch(Object(Illuminate/Http/Request))
#37 C:/xampp/htdocs/project/vendor/laravel/framework/src/Illuminate/Pipeline/Pipeline.php(170): Illuminate/Foundation/Http/Kernel->{closure:Illuminate/Foundation/Http/Kernel::dispatchToRouter():198}(Object(Illuminate/Http/Request))
#38 C:/xampp/htdocs/project/vendor/livewire/livewire/src/Features/SupportDisablingBackButtonCache/DisableBackButtonCacheMiddleware.php(19): Illuminate/Pipeline/Pipeline->{closure:Illuminate/Pipeline/Pipeline::prepareDestination():168}(Object(Illuminate/Http/Request))
#39 C:/xampp/htdocs/project/vendor/laravel/framework/src/Illuminate/Pipeline/Pipeline.php(209): Livewire/Features/SupportDisablingBackButtonCache/DisableBackButtonCacheMiddleware->handle(Object(Illuminate/Http/Request), Object(Closure))
#40 C:/xampp/htdocs/project/vendor/laravel/framework/src/Illuminate/Foundation/Http/Middleware/ConvertEmptyStringsToNull.php(27): Illuminate/Pipeline/Pipeline->{closure:{closure:Illuminate/Pipeline/Pipeline::carry():184}:185}(Object(Illuminate/Http/Request))
#41 C:/xampp/htdocs/project/vendor/laravel/framework/src/Illuminate/Pipeline/Pipeline.php(209): Illuminate/Foundation/Http/Middleware/ConvertEmptyStringsToNull->handle(Object(Illuminate/Http/Request), Object(Closure))
#42 C:/xampp/htdocs/project/vendor/laravel/framework/src/Illuminate/Foundation/Http/Middleware/TrimStrings.php(47): Illuminate/Pipeline/Pipeline->{closure:{closure:Illuminate/Pipeline/Pipeline::carry():184}:185}(Object(Illuminate/Http/Request))
#43 C:/xampp/htdocs/project/vendor/laravel/framework/src/Illuminate/Pipeline/Pipeline.php(209): Illuminate/Foundation/Http/Middleware/TrimStrings->handle(Object(Illuminate/Http/Request), Object(Closure))
#44 C:/xampp/htdocs/project/vendor/laravel/framework/src/Illuminate/Http/Middleware/ValidatePostSize.php(27): Illuminate/Pipeline/Pipeline->{closure:{closure:Illuminate/Pipeline/Pipeline::carry():184}:185}(Object(Illuminate/Http/Request))
#45 C:/xampp/htdocs/project/vendor/laravel/framework/src/Illuminate/Pipeline/Pipeline.php(209): Illuminate/Http/Middleware/ValidatePostSize->handle(Object(Illuminate/Http/Request), Object(Closure))
#46 C:/xampp/htdocs/project/vendor/laravel/framework/src/Illuminate/Foundation/Http/Middleware/PreventRequestsDuringMaintenance.php(110): Illuminate/Pipeline/Pipeline->{closure:{closure:Illuminate/Pipeline/Pipeline::carry():184}:185}(Object(Illuminate/Http/Request))
#47 C:/xampp/htdocs/project/vendor/laravel/framework/src/Illuminate/Pipeline/Pipeline.php(209): Illuminate/Foundation/Http/Middleware/PreventRequestsDuringMaintenance->handle(Object(Illuminate/Http/Request), Object(Closure))
#48 C:/xampp/htdocs/project/vendor/laravel/framework/src/Illuminate/Http/Middleware/HandleCors.php(49): Illuminate/Pipeline/Pipeline->{closure:{closure:Illuminate/Pipeline/Pipeline::carry():184}:185}(Object(Illuminate/Http/Request))
#49 C:/xampp/htdocs/project/vendor/laravel/framework/src/Illuminate/Pipeline/Pipeline.php(209): Illuminate/Http/Middleware/HandleCors->handle(Object(Illuminate/Http/Request), Object(Closure))
#50 C:/xampp/htdocs/project/vendor/laravel/framework/src/Illuminate/Http/Middleware/TrustProxies.php(58): Illuminate/Pipeline/Pipeline->{closure:{closure:Illuminate/Pipeline/Pipeline::carry():184}:185}(Object(Illuminate/Http/Request))
#51 C:/xampp/htdocs/project/vendor/laravel/framework/src/Illuminate/Pipeline/Pipeline.php(209): Illuminate/Http/Middleware/TrustProxies->handle(Object(Illuminate/Http/Request), Object(Closure))
#52 C:/xampp/htdocs/project/vendor/laravel/framework/src/Illuminate/Foundation/Http/Middleware/InvokeDeferredCallbacks.php(22): Illuminate/Pipeline/Pipeline->{closure:{closure:Illuminate/Pipeline/Pipeline::carry():184}:185}(Object(Illuminate/Http/Request))
#53 C:/xampp/htdocs/project/vendor/laravel/framework/src/Illuminate/Pipeline/Pipeline.php(209): Illuminate/Foundation/Http/Middleware/InvokeDeferredCallbacks->handle(Object(Illuminate/Http/Request), Object(Closure))
#54 C:/xampp/htdocs/project/vendor/laravel/framework/src/Illuminate/Pipeline/Pipeline.php(127): Illuminate/Pipeline/Pipeline->{closure:{closure:Illuminate/Pipeline/Pipeline::carry():184}:185}(Object(Illuminate/Http/Request))
#55 C:/xampp/htdocs/project/vendor/laravel/framework/src/Illuminate/Foundation/Http/Kernel.php(176): Illuminate/Pipeline/Pipeline->then(Object(Closure))
#56 C:/xampp/htdocs/project/vendor/laravel/framework/src/Illuminate/Foundation/Http/Kernel.php(145): Illuminate/Foundation/Http/Kernel->sendRequestThroughRouter(Object(Illuminate/Http/Request))
#57 C:/xampp/htdocs/project/vendor/laravel/framework/src/Illuminate/Foundation/Application.php(1220): Illuminate/Foundation/Http/Kernel->handle(Object(Illuminate/Http/Request))
#58 C:/xampp/htdocs/project/public/index.php(17): Illuminate/Foundation/Application->handleRequest(Object(Illuminate/Http/Request))
#59 C:/xampp/htdocs/project/vendor/laravel/framework/src/Illuminate/Foundation/resources/server.php(23): require_once('C://xampp//htdocs...')
#60 {main}

[previous exception] [object] (Spatie\\Permission\\Exceptions\\RoleDoesNotExist(code: 0): There is no role named `Staff` for guard `admin`. at C:/xampp/htdocs/project/vendor/spatie/laravel-permission/src/Exceptions/RoleDoesNotExist.php:11)
[stacktrace]
#0 C:/xampp/htdocs/project/vendor/spatie/laravel-permission/src/Models/Role.php(113): Spatie/Permission/Exceptions/RoleDoesNotExist::named('Staff', 'admin')
#1 C:/xampp/htdocs/project/vendor/spatie/laravel-permission/src/Traits/HasRoles.php(96): Spatie/Permission/Models/Role::findByName('Staff', 'admin')
#2 [internal function]: App/Models/User->{closure:Spatie/Permission/Traits/HasRoles::scopeRole():85}('Staff')
#3 C:/xampp/htdocs/project/vendor/spatie/laravel-permission/src/Traits/HasRoles.php(85): array_map(Object(Closure), Array)
#4 C:/xampp/htdocs/project/vendor/laravel/framework/src/Illuminate/Database/Eloquent/Model.php(1654): App/Models/User->scopeRole(Object(Illuminate/Database/Eloquent/Builder), 'Staff')
#5 C:/xampp/htdocs/project/vendor/laravel/framework/src/Illuminate/Database/Eloquent/Builder.php(1529): Illuminate/Database/Eloquent/Model->callNamedScope('role', Array)
#6 C:/xampp/htdocs/project/vendor/laravel/framework/src/Illuminate/Database/Eloquent/Builder.php(1510): Illuminate/Database/Eloquent/Builder->{closure:Illuminate/Database/Eloquent/Builder::callNamedScope():1528}(Object(Illuminate/Database/Eloquent/Builder), 'Staff')
#7 C:/xampp/htdocs/project/vendor/laravel/framework/src/Illuminate/Database/Eloquent/Builder.php(1528): Illuminate/Database/Eloquent/Builder->callScope(Object(Closure), Array)
#8 C:/xampp/htdocs/project/vendor/laravel/framework/src/Illuminate/Database/Eloquent/Builder.php(2116): Illuminate/Database/Eloquent/Builder->callNamedScope('role', Array)
#9 C:/xampp/htdocs/project/app/Filament/Admin/Widgets/AdminOverview.php(29): Illuminate/Database/Eloquent/Builder->__call('role', Array)
#10 C:/xampp/htdocs/project/vendor/filament/widgets/src/StatsOverviewWidget.php(47): App/Filament/Admin/Widgets/AdminOverview->getStats()
#11 C:/xampp/htdocs/project/vendor/filament/widgets/src/StatsOverviewWidget.php(29): Filament/Widgets/StatsOverviewWidget->getCachedStats()
#12 C:/xampp/htdocs/project/storage/framework/views/84a5362f281a508753c4ef449cc55ce5.php(2): Filament/Widgets/StatsOverviewWidget->getColumns()
#13 C:/xampp/htdocs/project/vendor/livewire/livewire/src/Mechanisms/ExtendBlade/ExtendedCompilerEngine.php(37): include('C://xampp//htdocs...')
#14 C:/xampp/htdocs/project/vendor/livewire/livewire/src/Mechanisms/ExtendBlade/ExtendedCompilerEngine.php(38): App/Filament/Admin/Widgets/AdminOverview->{closure:Livewire/Mechanisms/ExtendBlade/ExtendedCompilerEngine::evaluatePath():35}()
#15 C:/xampp/htdocs/project/vendor/laravel/framework/src/Illuminate/View/Engines/CompilerEngine.php(75): Livewire/Mechanisms/ExtendBlade/ExtendedCompilerEngine->evaluatePath('C://xampp//htdocs...', Array)
#16 C:/xampp/htdocs/project/vendor/livewire/livewire/src/Mechanisms/ExtendBlade/ExtendedCompilerEngine.php(16): Illuminate/View/Engines/CompilerEngine->get('C://xampp//htdocs...', Array)
#17 C:/xampp/htdocs/project/vendor/laravel/framework/src/Illuminate/View/View.php(209): Livewire/Mechanisms/ExtendBlade/ExtendedCompilerEngine->get('C://xampp//htdocs...', Array)
#18 C:/xampp/htdocs/project/vendor/laravel/framework/src/Illuminate/View/View.php(192): Illuminate/View/View->getContents()
#19 C:/xampp/htdocs/project/vendor/laravel/framework/src/Illuminate/View/View.php(161): Illuminate/View/View->renderContents()
#20 C:/xampp/htdocs/project/vendor/livewire/livewire/src/Mechanisms/HandleComponents/HandleComponents.php(288): Illuminate/View/View->render(Object(Closure))
#21 C:/xampp/htdocs/project/vendor/livewire/livewire/src/Mechanisms/HandleComponents/HandleComponents.php(332): Livewire/Mechanisms/HandleComponents/HandleComponents->{closure:Livewire/Mechanisms/HandleComponents/HandleComponents::render():280}()
#22 C:/xampp/htdocs/project/vendor/livewire/livewire/src/Mechanisms/HandleComponents/HandleComponents.php(280): Livewire/Mechanisms/HandleComponents/HandleComponents->trackInRenderStack(Object(App/Filament/Admin/Widgets/AdminOverview), Object(Closure))
#23 C:/xampp/htdocs/project/vendor/livewire/livewire/src/Mechanisms/HandleComponents/HandleComponents.php(127): Livewire/Mechanisms/HandleComponents/HandleComponents->render(Object(App/Filament/Admin/Widgets/AdminOverview))
#24 C:/xampp/htdocs/project/vendor/livewire/livewire/src/LivewireManager.php(102): Livewire/Mechanisms/HandleComponents/HandleComponents->update(Array, Array, Array)
#25 C:/xampp/htdocs/project/vendor/livewire/livewire/src/Mechanisms/HandleRequests/HandleRequests.php(144): Livewire/LivewireManager->update(Array, Array, Array)
#26 C:/xampp/htdocs/project/vendor/laravel/framework/src/Illuminate/Routing/ControllerDispatcher.php(47): Livewire/Mechanisms/HandleRequests/HandleRequests->handleUpdate()
#27 C:/xampp/htdocs/project/vendor/laravel/framework/src/Illuminate/Routing/Route.php(266): Illuminate/Routing/ControllerDispatcher->dispatch(Object(Illuminate/Routing/Route), Object(Livewire/Mechanisms/HandleRequests/HandleRequests), 'handleUpdate')
#28 C:/xampp/htdocs/project/vendor/laravel/framework/src/Illuminate/Routing/Route.php(212): Illuminate/Routing/Route->runController()
#29 C:/xampp/htdocs/project/vendor/laravel/framework/src/Illuminate/Routing/Router.php(808): Illuminate/Routing/Route->run()
#30 C:/xampp/htdocs/project/vendor/laravel/framework/src/Illuminate/Pipeline/Pipeline.php(170): Illuminate/Routing/Router->{closure:Illuminate/Routing/Router::runRouteWithinStack():807}(Object(Illuminate/Http/Request))
#31 C:/xampp/htdocs/project/vendor/laravel/framework/src/Illuminate/Routing/Middleware/SubstituteBindings.php(51): Illuminate/Pipeline/Pipeline->{closure:Illuminate/Pipeline/Pipeline::prepareDestination():168}(Object(Illuminate/Http/Request))
#32 C:/xampp/htdocs/project/vendor/laravel/framework/src/Illuminate/Pipeline/Pipeline.php(209): Illuminate/Routing/Middleware/SubstituteBindings->handle(Object(Illuminate/Http/Request), Object(Closure))
#33 C:/xampp/htdocs/project/vendor/laravel/framework/src/Illuminate/Foundation/Http/Middleware/VerifyCsrfToken.php(88): Illuminate/Pipeline/Pipeline->{closure:{closure:Illuminate/Pipeline/Pipeline::carry():184}:185}(Object(Illuminate/Http/Request))
#34 C:/xampp/htdocs/project/vendor/laravel/framework/src/Illuminate/Pipeline/Pipeline.php(209): Illuminate/Foundation/Http/Middleware/VerifyCsrfToken->handle(Object(Illuminate/Http/Request), Object(Closure))
#35 C:/xampp/htdocs/project/vendor/laravel/framework/src/Illuminate/View/Middleware/ShareErrorsFromSession.php(49): Illuminate/Pipeline/Pipeline->{closure:{closure:Illuminate/Pipeline/Pipeline::carry():184}:185}(Object(Illuminate/Http/Request))
#36 C:/xampp/htdocs/project/vendor/laravel/framework/src/Illuminate/Pipeline/Pipeline.php(209): Illuminate/View/Middleware/ShareErrorsFromSession->handle(Object(Illuminate/Http/Request), Object(Closure))
#37 C:/xampp/htdocs/project/vendor/laravel/framework/src/Illuminate/Session/Middleware/StartSession.php(121): Illuminate/Pipeline/Pipeline->{closure:{closure:Illuminate/Pipeline/Pipeline::carry():184}:185}(Object(Illuminate/Http/Request))
#38 C:/xampp/htdocs/project/vendor/laravel/framework/src/Illuminate/Session/Middleware/StartSession.php(64): Illuminate/Session/Middleware/StartSession->handleStatefulRequest(Object(Illuminate/Http/Request), Object(Illuminate/Session/Store), Object(Closure))
#39 C:/xampp/htdocs/project/vendor/laravel/framework/src/Illuminate/Pipeline/Pipeline.php(209): Illuminate/Session/Middleware/StartSession->handle(Object(Illuminate/Http/Request), Object(Closure))
#40 C:/xampp/htdocs/project/vendor/laravel/framework/src/Illuminate/Cookie/Middleware/AddQueuedCookiesToResponse.php(37): Illuminate/Pipeline/Pipeline->{closure:{closure:Illuminate/Pipeline/Pipeline::carry():184}:185}(Object(Illuminate/Http/Request))
#41 C:/xampp/htdocs/project/vendor/laravel/framework/src/Illuminate/Pipeline/Pipeline.php(209): Illuminate/Cookie/Middleware/AddQueuedCookiesToResponse->handle(Object(Illuminate/Http/Request), Object(Closure))
#42 C:/xampp/htdocs/project/vendor/laravel/framework/src/Illuminate/Cookie/Middleware/EncryptCookies.php(75): Illuminate/Pipeline/Pipeline->{closure:{closure:Illuminate/Pipeline/Pipeline::carry():184}:185}(Object(Illuminate/Http/Request))
#43 C:/xampp/htdocs/project/vendor/laravel/framework/src/Illuminate/Pipeline/Pipeline.php(209): Illuminate/Cookie/Middleware/EncryptCookies->handle(Object(Illuminate/Http/Request), Object(Closure))
#44 C:/xampp/htdocs/project/vendor/laravel/framework/src/Illuminate/Pipeline/Pipeline.php(127): Illuminate/Pipeline/Pipeline->{closure:{closure:Illuminate/Pipeline/Pipeline::carry():184}:185}(Object(Illuminate/Http/Request))
#45 C:/xampp/htdocs/project/vendor/laravel/framework/src/Illuminate/Routing/Router.php(807): Illuminate/Pipeline/Pipeline->then(Object(Closure))
#46 C:/xampp/htdocs/project/vendor/laravel/framework/src/Illuminate/Routing/Router.php(786): Illuminate/Routing/Router->runRouteWithinStack(Object(Illuminate/Routing/Route), Object(Illuminate/Http/Request))
#47 C:/xampp/htdocs/project/vendor/laravel/framework/src/Illuminate/Routing/Router.php(750): Illuminate/Routing/Router->runRoute(Object(Illuminate/Http/Request), Object(Illuminate/Routing/Route))
#48 C:/xampp/htdocs/project/vendor/laravel/framework/src/Illuminate/Routing/Router.php(739): Illuminate/Routing/Router->dispatchToRoute(Object(Illuminate/Http/Request))
#49 C:/xampp/htdocs/project/vendor/laravel/framework/src/Illuminate/Foundation/Http/Kernel.php(201): Illuminate/Routing/Router->dispatch(Object(Illuminate/Http/Request))
#50 C:/xampp/htdocs/project/vendor/laravel/framework/src/Illuminate/Pipeline/Pipeline.php(170): Illuminate/Foundation/Http/Kernel->{closure:Illuminate/Foundation/Http/Kernel::dispatchToRouter():198}(Object(Illuminate/Http/Request))
#51 C:/xampp/htdocs/project/vendor/livewire/livewire/src/Features/SupportDisablingBackButtonCache/DisableBackButtonCacheMiddleware.php(19): Illuminate/Pipeline/Pipeline->{closure:Illuminate/Pipeline/Pipeline::prepareDestination():168}(Object(Illuminate/Http/Request))
#52 C:/xampp/htdocs/project/vendor/laravel/framework/src/Illuminate/Pipeline/Pipeline.php(209): Livewire/Features/SupportDisablingBackButtonCache/DisableBackButtonCacheMiddleware->handle(Object(Illuminate/Http/Request), Object(Closure))
#53 C:/xampp/htdocs/project/vendor/laravel/framework/src/Illuminate/Foundation/Http/Middleware/ConvertEmptyStringsToNull.php(27): Illuminate/Pipeline/Pipeline->{closure:{closure:Illuminate/Pipeline/Pipeline::carry():184}:185}(Object(Illuminate/Http/Request))
#54 C:/xampp/htdocs/project/vendor/laravel/framework/src/Illuminate/Pipeline/Pipeline.php(209): Illuminate/Foundation/Http/Middleware/ConvertEmptyStringsToNull->handle(Object(Illuminate/Http/Request), Object(Closure))
#55 C:/xampp/htdocs/project/vendor/laravel/framework/src/Illuminate/Foundation/Http/Middleware/TrimStrings.php(47): Illuminate/Pipeline/Pipeline->{closure:{closure:Illuminate/Pipeline/Pipeline::carry():184}:185}(Object(Illuminate/Http/Request))
#56 C:/xampp/htdocs/project/vendor/laravel/framework/src/Illuminate/Pipeline/Pipeline.php(209): Illuminate/Foundation/Http/Middleware/TrimStrings->handle(Object(Illuminate/Http/Request), Object(Closure))
#57 C:/xampp/htdocs/project/vendor/laravel/framework/src/Illuminate/Http/Middleware/ValidatePostSize.php(27): Illuminate/Pipeline/Pipeline->{closure:{closure:Illuminate/Pipeline/Pipeline::carry():184}:185}(Object(Illuminate/Http/Request))
#58 C:/xampp/htdocs/project/vendor/laravel/framework/src/Illuminate/Pipeline/Pipeline.php(209): Illuminate/Http/Middleware/ValidatePostSize->handle(Object(Illuminate/Http/Request), Object(Closure))
#59 C:/xampp/htdocs/project/vendor/laravel/framework/src/Illuminate/Foundation/Http/Middleware/PreventRequestsDuringMaintenance.php(110): Illuminate/Pipeline/Pipeline->{closure:{closure:Illuminate/Pipeline/Pipeline::carry():184}:185}(Object(Illuminate/Http/Request))
#60 C:/xampp/htdocs/project/vendor/laravel/framework/src/Illuminate/Pipeline/Pipeline.php(209): Illuminate/Foundation/Http/Middleware/PreventRequestsDuringMaintenance->handle(Object(Illuminate/Http/Request), Object(Closure))
#61 C:/xampp/htdocs/project/vendor/laravel/framework/src/Illuminate/Http/Middleware/HandleCors.php(49): Illuminate/Pipeline/Pipeline->{closure:{closure:Illuminate/Pipeline/Pipeline::carry():184}:185}(Object(Illuminate/Http/Request))
#62 C:/xampp/htdocs/project/vendor/laravel/framework/src/Illuminate/Pipeline/Pipeline.php(209): Illuminate/Http/Middleware/HandleCors->handle(Object(Illuminate/Http/Request), Object(Closure))
#63 C:/xampp/htdocs/project/vendor/laravel/framework/src/Illuminate/Http/Middleware/TrustProxies.php(58): Illuminate/Pipeline/Pipeline->{closure:{closure:Illuminate/Pipeline/Pipeline::carry():184}:185}(Object(Illuminate/Http/Request))
#64 C:/xampp/htdocs/project/vendor/laravel/framework/src/Illuminate/Pipeline/Pipeline.php(209): Illuminate/Http/Middleware/TrustProxies->handle(Object(Illuminate/Http/Request), Object(Closure))
#65 C:/xampp/htdocs/project/vendor/laravel/framework/src/Illuminate/Foundation/Http/Middleware/InvokeDeferredCallbacks.php(22): Illuminate/Pipeline/Pipeline->{closure:{closure:Illuminate/Pipeline/Pipeline::carry():184}:185}(Object(Illuminate/Http/Request))
#66 C:/xampp/htdocs/project/vendor/laravel/framework/src/Illuminate/Pipeline/Pipeline.php(209): Illuminate/Foundation/Http/Middleware/InvokeDeferredCallbacks->handle(Object(Illuminate/Http/Request), Object(Closure))
#67 C:/xampp/htdocs/project/vendor/laravel/framework/src/Illuminate/Pipeline/Pipeline.php(127): Illuminate/Pipeline/Pipeline->{closure:{closure:Illuminate/Pipeline/Pipeline::carry():184}:185}(Object(Illuminate/Http/Request))
#68 C:/xampp/htdocs/project/vendor/laravel/framework/src/Illuminate/Foundation/Http/Kernel.php(176): Illuminate/Pipeline/Pipeline->then(Object(Closure))
#69 C:/xampp/htdocs/project/vendor/laravel/framework/src/Illuminate/Foundation/Http/Kernel.php(145): Illuminate/Foundation/Http/Kernel->sendRequestThroughRouter(Object(Illuminate/Http/Request))
#70 C:/xampp/htdocs/project/vendor/laravel/framework/src/Illuminate/Foundation/Application.php(1220): Illuminate/Foundation/Http/Kernel->handle(Object(Illuminate/Http/Request))
#71 C:/xampp/htdocs/project/public/index.php(17): Illuminate/Foundation/Application->handleRequest(Object(Illuminate/Http/Request))
#72 C:/xampp/htdocs/project/vendor/laravel/framework/src/Illuminate/Foundation/resources/server.php(23): require_once('C://xampp//htdocs...')
#73 {main}
"} 
